year,region,elec_tot,elec_res,elec_serv,elec_ind,gdp,pop
1990,강원,4526.254,567.183,603.319,3355.752,18279299,1561838
1990,경기,15756.859,2506.909,2457.304,10792.646,69166891,5972092
1990,경남,13489.898,1490.415,985.127,11014.356,39848523,2776273
1990,경북,9019.102,965.330,668.305,7385.467,25427954,2736033
1990,광주,1562.328,425.688,359.245,777.395,10909096,1124968
1990,대구,4243.166,947.978,711.655,2583.533,22141545,2293038
1990,대전,1847.100,411.672,388.993,1046.435,13258651,1035986
1990,부산,7341.267,1718.685,1380.134,4242.448,33374783,3803334
1990,서울,16027.052,5182.614,7387.008,3457.430,128022269,10473252
1990,세종,,,,,,
1990,울산,,,,,,794065
1990,인천,5794.948,800.865,508.271,4485.812,24487160,1896801
1990,전남,4390.468,757.194,422.294,3210.980,25868226,2480439
1990,전북,3330.675,683.457,456.168,2191.050,16261164,2046776
1990,제주,545.296,200.685,233.403,111.208,4953039,508746
1990,충남,2677.636,630.200,415.250,1632.186,18072575,1991931
1990,충북,3831.246,446.308,423.897,2961.041,13611652,1373711
1991,강원,5051.168,619.251,677.763,3754.154,18323230,1546504
1991,경기,17386.302,2866.962,2864.454,11654.886,79327361,6294496
1991,경남,15535.031,1654.670,1156.461,12723.900,46278237,2805601
1991,경북,10051.838,1066.022,794.569,8191.247,27589044,2732475
1991,광주,1670.014,489.347,405.442,775.225,11814152,1154456
1991,대구,4503.228,1026.243,776.214,2700.771,22882690,2332235
1991,대전,2023.889,480.588,470.706,1072.595,14649910,1083721
1991,부산,7685.775,1826.847,1558.358,4300.570,35523301,3816713
1991,서울,17060.163,5497.520,8123.789,3438.854,139296966,10461122
1991,세종,,,,,,
1991,울산,,,,,,829234
1991,인천,6295.568,957.749,591.291,4746.528,28916205,1979437
1991,전남,4825.759,833.993,517.383,3474.383,29137813,2395539
1991,전북,3894.762,755.959,554.834,2583.969,17888088,2022381
1991,제주,622.498,222.745,259.825,139.928,5529812,509537
1991,충남,3299.180,678.713,487.067,2133.400,19319295,1949365
1991,충북,4468.846,505.305,470.799,3492.742,15044395,1382888
1992,강원,5507.607,687.056,792.581,4027.970,18823604,1531591
1992,경기,19212.289,3257.209,3441.103,12513.977,83213769,6634393
1992,경남,17128.261,1895.099,1429.844,13803.318,50866079,2834597
1992,경북,11009.681,1211.038,957.871,8840.772,27773441,2728374
1992,광주,1895.916,566.644,490.280,838.992,12274018,1184604
1992,대구,4926.991,1159.779,927.015,2840.197,23217637,2370971
1992,대전,2230.216,568.444,584.160,1077.612,15517530,1133067
1992,부산,8066.136,2003.205,1802.477,4260.454,35643092,3829348
1992,서울,18370.162,5976.325,8983.466,3410.371,150753773,10445852
1992,세종,,,,,,
1992,울산,,,,,,865654
1992,인천,7210.104,1091.725,760.659,5357.720,29433757,2065278
1992,전남,5526.665,935.749,651.734,3939.182,31299565,2315133
1992,전북,4361.426,855.533,677.770,2828.123,19139603,1998601
1992,제주,709.782,249.619,307.734,152.429,6204297,510474
1992,충남,3988.782,761.067,576.116,2651.599,21292103,1908054
1992,충북,5099.960,577.277,560.055,3962.628,15973733,1391971
1993,강원,6065.953,732.835,925.739,4407.379,19358364,1515652
1993,경기,21542.019,3753.694,4425.543,13362.782,91248247,6987963
1993,경남,19046.497,2065.192,1718.153,15263.152,53008094,2861211
1993,경북,12414.603,1320.204,1157.883,9936.516,28681426,2721551
1993,광주,2100.756,634.008,584.637,882.111,13178444,1214505
1993,대구,5378.003,1252.947,1149.893,2975.163,24107789,2407544
1993,대전,2444.999,683.409,773.718,987.872,16669797,1183308
1993,부산,8451.284,2128.719,2052.233,4270.332,37478788,3839022
1993,서울,19870.468,6447.793,10151.276,3271.399,162921440,10420119
1993,세종,,,,,,
1993,울산,,,,,,902858
1993,인천,8354.173,1222.173,981.504,6150.496,31216056,2153047
1993,전남,6032.480,996.802,807.184,4228.494,32878511,2236940
1993,전북,4980.707,929.184,824.715,3226.808,20275704,1973714
1993,제주,777.414,264.356,345.693,167.365,6286562,511126
1993,충남,4523.432,834.362,728.023,2961.047,23479111,1866413
1993,충북,5751.135,650.457,667.048,4433.630,17719733,1399655
1994,강원,6619.719,809.949,1101.480,4708.290,20722664,1498849
1994,경기,25233.617,4210.556,5772.978,15250.083,100442143,7355945
1994,경남,21821.001,2323.990,2223.926,17273.085,60723218,2885857
1994,경북,14460.318,1480.574,1482.305,11497.439,32763852,2712646
1994,광주,2456.594,708.155,774.036,974.403,14575241,1244187
1994,대구,6220.840,1446.464,1487.049,3287.327,26208027,2442258
1994,대전,2939.864,767.361,1024.214,1148.289,17140681,1234568
1994,부산,9323.262,2282.458,2556.794,4484.010,39996488,3846467
1994,서울,22253.268,7116.012,11903.588,3233.668,173338951,10385314
1994,세종,,,,,,-
1994,울산,,,,,,940877
1994,인천,9182.284,1386.715,1246.111,6549.458,33147157,2242714
1994,전남,6859.046,1092.268,1146.370,4620.408,35789612,2161269
1994,전북,5932.774,1027.624,1032.999,3872.151,21899213,1948022
1994,제주,927.484,288.205,429.632,209.647,6611720,511518
1994,충남,5658.708,882.892,958.479,3817.337,26534043,1824910
1994,충북,6651.720,730.503,827.844,5093.373,19784995,1406139
1995,강원,7118.029,864.765,1303.434,4949.830,22896326,1481781
1995,경기,28696.044,4893.511,6599.924,17202.609,112681418,7737864
1995,경남,24280.916,2462.233,2624.013,19194.670,68113992,2908813
1995,경북,16912.878,1573.225,1753.904,13585.749,35531357,2702465
1995,광주,2782.927,749.300,935.380,1098.247,16417691,1273532
1995,대구,6549.508,1519.244,1669.847,3360.417,28303019,2475360
1995,대전,3320.893,826.622,1246.217,1248.054,18350280,1286844
1995,부산,9894.007,2403.083,2810.938,4679.986,43749924,3852295
1995,서울,23565.808,7299.353,13082.549,3183.906,185098581,10342224
1995,세종,,,,,,
1995,울산,,,,,,979606
1995,인천,9995.190,1471.319,1489.260,7034.611,38546919,2333769
1995,전남,7718.537,1142.249,1224.991,5351.297,39492280,2088701
1995,전북,6881.068,1079.533,1221.677,4579.858,25085280,1921970
1995,제주,1052.013,302.401,494.598,255.014,7450774,511640
1995,충남,7101.854,932.837,1136.070,5032.947,28831852,1784205
1995,충북,7400.349,783.623,938.518,5678.208,22086859,1411922
1996,강원,7558.856,927.201,1554.739,5076.916,24901426,1483026
1996,경기,31898.222,5491.807,7888.520,18517.895,121352335,8131905
1996,경남,26346.814,2616.978,3060.191,20669.645,72412697,2943238
1996,경북,17819.374,1633.951,2001.851,14183.572,38775525,2724100
1996,광주,3103.708,823.642,1124.120,1155.946,17978636,1292483
1996,대구,8326.698,1706.325,2102.383,4517.990,30238666,2488905
1996,대전,3792.028,892.933,1484.785,1414.310,19742504,1315028
1996,부산,10885.411,2621.175,3298.600,4965.636,46044004,3826168
1996,서울,25686.049,7687.215,14836.155,3162.679,195791851,10195359
1996,세종,,,,,,
1996,울산,,,,,,998430
1996,인천,11188.533,1633.581,1877.609,7677.343,40762864,2375816
1996,전남,8864.129,1229.304,1358.916,6275.909,42154621,2077343
1996,전북,7994.503,1183.476,1437.852,5373.175,27201090,1923449
1996,제주,1194.307,317.958,578.792,297.557,7641803,513926
1996,충남,9226.106,1010.850,1382.105,6833.151,32476312,1804044
1996,충북,8585.639,866.079,1104.163,6615.397,24310971,1431461
1997,강원,8069.295,981.760,1833.253,5254.282,26025382,1489229
1997,경기,35250.295,6026.095,9431.093,19793.107,124658091,8449371
1997,경남,28769.140,2772.486,3542.628,22454.026,79696351,2975321
1997,경북,20361.454,1692.231,2605.349,16063.874,44492072,2745318
1997,광주,3447.577,897.081,1318.714,1231.782,18559392,1317015
1997,대구,8629.455,1781.827,2400.488,4447.140,31886745,2495979
1997,대전,4169.270,941.649,1700.420,1527.201,20894508,1338886
1997,부산,11450.156,2735.803,3727.580,4986.773,47291520,3803326
1997,서울,27314.635,8069.223,16251.268,2994.144,204816198,10115549
1997,세종,,,,,,
1997,울산,,,,,,1015754
1997,인천,12118.886,1765.638,2201.407,8151.841,43341199,2421017
1997,전남,11493.500,1283.896,1598.151,8611.453,46754746,2065371
1997,전북,8734.206,1251.252,1657.801,5825.153,28700006,1922565
1997,제주,1319.902,324.309,646.098,349.495,8057569,516212
1997,충남,10292.421,1066.069,1685.891,7540.461,36555909,1831009
1997,충북,9363.426,926.033,1284.952,7152.441,24840759,1451658
1998,강원,7427.165,1009.544,1907.552,4510.069,24050209,1501714
1998,경기,33612.776,6205.397,9592.113,17815.266,116843281,8681978
1998,경남,14129.569,2071.641,2795.297,9262.631,47958037,3000399
1998,경북,20701.376,1722.835,2581.301,16397.240,41615486,2759045
1998,광주,3371.967,916.146,1332.606,1123.215,16743576,1340506
1998,대구,8279.241,1779.930,2349.245,4150.066,28738612,2502146
1998,대전,4139.120,946.671,1698.951,1493.498,19922027,1358370
1998,부산,10948.496,2749.077,3751.945,4447.474,44426186,3775121
1998,서울,26161.720,8040.599,15587.958,2533.163,195891236,10051237
1998,세종,,,,,,
1998,울산,13639.495,687.582,773.165,12178.748,43126637,1023077
1998,인천,11569.386,1791.424,2254.093,7523.869,37317452,2464340
1998,전남,11746.235,1301.349,1684.768,8760.118,44321517,2060842
1998,전북,8516.305,1264.281,1711.292,5540.732,26187025,1924972
1998,제주,1371.404,326.591,658.305,386.508,7456360,519160
1998,충남,9311.633,1153.342,1716.836,6441.455,34724126,1854333
1998,충북,8544.450,946.191,1334.237,6264.022,22690502,1469263
1999,강원,8213.597,1065.042,2291.403,4857.152,25204250,1512746
1999,경기,38031.741,6672.441,11196.043,20163.257,140742745,8892806
1999,경남,30976.107,2817.319,4175.694,23983.094,53563712,3020469
1999,경북,22537.412,1813.117,2747.710,17976.585,47828898,2770743
1999,광주,3766.360,958.044,1523.066,1285.250,18092047,1361160
1999,대구,9215.520,1847.543,2627.732,4740.245,31512976,2511610
1999,대전,4713.997,1014.506,1924.654,1774.837,21139402,1377545
1999,부산,11296.856,2732.471,4223.278,4341.107,49763153,3752322
1999,서울,28447.238,8518.159,17178.443,2750.636,213043805,10035810
1999,세종,,,,,,
1999,울산,,,,,47763922,1026735
1999,인천,12921.985,1887.709,2650.042,8384.234,40446510,2494341
1999,전남,13160.128,1344.825,1938.432,9876.871,45036095,2055210
1999,전북,9428.292,1329.686,1997.294,6101.312,28618114,1929570
1999,제주,1471.810,329.221,710.536,432.053,7957145,522398
1999,충남,10520.729,1246.114,2005.955,7268.660,40169928,1869746
1999,충북,9513.085,1004.483,1584.921,6923.681,26115197,1483466
2000,강원,9145.541,1134.869,2938.349,5072.323,26145825,1515605
2000,경기,43885.163,7369.773,13682.648,22832.742,157417148,9146445
2000,경남,17038.616,2224.408,3949.791,10864.417,57821766,3035571
2000,경북,24805.744,1946.818,3330.348,19528.578,54673687,2773340
2000,광주,4279.227,1058.846,1776.299,1444.082,19742330,1382426
2000,대구,10189.994,2016.259,3115.840,5057.895,33378959,2528863
2000,대전,5289.144,1107.498,2341.298,1840.348,23066261,1396869
2000,부산,12409.397,2654.370,5113.529,4641.498,51705541,3732630
2000,서울,31395.005,9191.996,19312.198,2890.811,234450139,10078434
2000,세종,,,,,,
2000,울산,17236.182,722.380,1203.156,15310.646,49333661,1035658
2000,인천,14195.025,2045.654,3061.033,9088.338,43019365,2522462
2000,전남,14410.927,1425.116,2372.537,10613.274,47559118,2034970
2000,전북,10592.299,1417.395,2472.979,6701.925,30236753,1927005
2000,제주,1704.935,353.504,835.689,515.742,8587855,524182
2000,충남,12235.851,1353.099,2618.952,8263.800,44559007,1879274
2000,충북,10722.434,1080.326,2048.748,7593.360,27699659,1494377
2001,강원,10227.934,1195.067,3783.942,5248.925,26668912,1516664
2001,경기,48583.251,7986.668,16381.081,24215.502,171443115,9451079
2001,경남,18295.403,2349.260,4638.419,11307.724,61928632,3047627
2001,경북,25925.963,2034.426,4656.424,19235.113,56490106,2756966
2001,광주,4639.097,1126.146,1997.769,1515.182,20828849,1401954
2001,대구,10544.475,2105.116,3545.530,4893.829,34134803,2535374
2001,대전,5771.636,1187.597,2707.645,1876.394,23813574,1417579
2001,부산,13423.022,2800.808,5788.027,4834.187,55382619,3716425
2001,서울,33321.290,9535.209,20958.111,2827.970,244418894,10091137
2001,세종,,,,,,
2001,울산,17695.778,778.745,1542.826,15374.207,50423452,1046883
2001,인천,14963.885,2155.977,3543.672,9264.236,46255108,2550919
2001,전남,15653.924,1494.913,3053.317,11105.694,49464042,2011610
2001,전북,11247.612,1495.531,3065.049,6687.032,31465262,1916308
2001,제주,1955.032,375.389,943.350,636.293,9200210,528553
2001,충남,13835.151,1444.105,3545.097,8845.949,46432861,1881811
2001,충북,11647.859,1146.271,2578.556,7923.032,28294054,1499275
2002,강원,11105.286,1285.680,4322.754,5496.852,27377155,1510448
2002,경기,53908.880,8938.673,18640.561,26329.646,186126487,9813893
2002,경남,20144.322,2537.849,5287.851,12318.622,66357305,3069947
2002,경북,28289.834,2169.113,5464.474,20656.247,60328507,2736510
2002,광주,5090.958,1217.553,2232.551,1640.854,22420270,1421613
2002,대구,11219.611,2232.608,3915.165,5071.838,35743105,2530953
2002,대전,6210.507,1276.769,2997.173,1936.565,25497366,1433562
2002,부산,14270.036,2983.041,6242.906,5044.089,57866997,3684942
2002,서울,34882.646,10096.045,21879.249,2907.352,261328220,10049183
2002,세종,,,,,,
2002,울산,18825.229,846.371,1788.851,16190.007,55068266,1056936
2002,인천,16099.983,2331.666,3921.524,9846.793,50972798,2571760
2002,전남,16076.906,1577.964,3371.223,11127.719,52071978,1962797
2002,전북,12019.475,1598.217,3485.146,6936.112,32419090,1895902
2002,제주,2174.770,401.268,1060.076,713.426,9693184,533737
2002,충남,15447.795,1549.221,4126.682,9771.892,50205811,1876693
2002,충북,12685.134,1236.261,2983.131,8465.742,29656804,1495860
2003,강원,11899.000,1368.000,4790.000,5741.000,28861908,1501318
2003,경기,57940.000,9748.000,20689.000,27503.000,196745165,10149261
2003,경남,21303.000,2696.000,5736.000,12871.000,68827444,3094681
2003,경북,29582.000,2260.000,5778.000,21544.000,65372870,2704590
2003,광주,5337.000,1291.000,2358.000,1688.000,22585186,1431964
2003,대구,11471.000,2335.000,4158.000,4978.000,36396595,2531930
2003,대전,6503.000,1286.000,3275.000,1942.000,26757005,1453216
2003,부산,14764.000,3133.000,6553.000,5078.000,59924431,3648852
2003,서울,36163.000,10483.000,22904.000,2776.000,266033918,10041419
2003,세종,,,,,,
2003,울산,19629.000,903.000,1935.000,16791.000,54100049,1062369
2003,인천,16920.000,2397.000,4315.000,10208.000,52157498,2573467
2003,전남,16671.000,1647.000,3536.000,11488.000,52730314,1928685
2003,전북,12412.000,1659.000,3665.000,7088.000,32768805,1870827
2003,제주,2365.000,430.000,1174.000,761.000,9960579,536599
2003,충남,17584.000,1641.000,4546.000,11397.000,55468963,1871998
2003,충북,13052.000,1295.000,3225.000,8532.000,30693993,1491154
2004,강원,12051.000,1469.000,4978.000,5604.000,29386767,1496907
2004,경기,62759.000,10764.000,22649.000,29346.000,208742156,10415516
2004,경남,22553.000,2949.000,6179.000,13425.000,71667409,3101595
2004,경북,31446.000,2416.000,6195.000,22835.000,69948144,2669505
2004,광주,5762.000,1371.000,2534.000,1857.000,23198230,1444682
2004,대구,11904.000,2500.000,4440.000,4964.000,38364894,2533260
2004,대전,6897.000,1430.000,3440.000,2027.000,27540951,1460948
2004,부산,15479.000,3669.000,6584.000,5226.000,61227100,3623903
2004,서울,38213.000,11222.000,24334.000,2657.000,269197325,10051611
2004,세종,,,,,,
2004,울산,20576.000,1062.000,2005.000,17509.000,59706880,1067380
2004,인천,17649.000,2587.000,4549.000,10513.000,54987798,2571244
2004,전남,17830.000,1753.000,3808.000,12269.000,55586311,1881050
2004,전북,13128.000,1761.000,3837.000,7530.000,33844818,1843031
2004,제주,2562.000,473.000,1259.000,830.000,10579746,539405
2004,충남,19420.000,1789.000,4840.000,12791.000,60583607,1891842
2004,충북,13865.000,1399.000,3509.000,8957.000,33573276,1490640
2005,강원,12379.005,1532.894,5459.654,5386.457,29695748,1488881
2005,경기,68750.378,11423.914,25111.423,32215.041,222816035,10625127
2005,경남,24093.883,3092.788,6849.578,14151.517,76018607,3110041
2005,경북,33161.128,2522.787,6676.433,23961.908,74596282,2651702
2005,광주,6205.053,1437.955,2719.216,2047.882,24953345,1445390
2005,대구,12363.357,2578.233,4824.203,4960.921,39039831,2509168
2005,대전,7252.938,1504.564,3666.163,2082.211,28061744,1469868
2005,부산,16588.952,3853.325,7083.548,5652.079,63032743,3590291
2005,서울,40523.741,11600.996,26317.743,2605.002,280676032,10028631
2005,세종,,,,,,
2005,울산,20851.718,1117.053,2156.722,17577.943,61626834,1071339
2005,인천,18165.059,2691.433,4926.544,10547.082,56922112,2581406
2005,전남,18803.153,1816.841,4049.954,12936.358,56104942,1851257
2005,전북,13592.737,1829.130,4148.305,7615.302,34414457,1816604
2005,제주,2768.073,503.049,1377.118,887.906,10530282,541833
2005,충남,22449.469,1903.607,5471.769,15074.093,66603884,1918287
2005,충북,14464.184,1464.468,3888.810,9110.906,33307920,1484736
2006,강원,12994.000,1573.000,5840.000,5581.000,31550828,1481855
2006,경기,73311.000,11933.000,26787.000,34591.000,242756988,10853412
2006,경남,25382.000,3221.000,7357.000,14804.000,80266127,3123201
2006,경북,34011.000,2596.000,7132.000,24283.000,77440727,2652689
2006,광주,6441.000,1505.000,2816.000,2120.000,26193910,1448384
2006,대구,12622.000,2654.000,5048.000,4920.000,40255437,2490045
2006,대전,7506.000,1550.000,3820.000,2136.000,29074607,1481261
2006,부산,17218.000,3947.000,7381.000,5890.000,65299325,3563009
2006,서울,41824.000,11827.000,27452.000,2545.000,292392945,10057373
2006,세종,,,,,,
2006,울산,21556.000,1160.000,2299.000,18097.000,62869561,1076340
2006,인천,18696.000,2762.000,5205.000,10729.000,59522631,2606698
2006,전남,19502.000,1856.000,4338.000,13308.000,57944653,1829648
2006,전북,14408.000,1886.000,4425.000,8097.000,36053645,1801414
2006,제주,2899.000,522.000,1470.000,907.000,10740812,543702
2006,충남,25004.000,2001.000,5955.000,17048.000,72238019,1942739
2006,충북,15351.000,1528.000,4213.000,9610.000,36176510,1486522
2007,강원,13569.000,1620.000,6149.000,5800.000,32853097,1476484
2007,경기,78108.000,12425.000,28588.000,37095.000,255550481,11056824
2007,경남,26789.000,3353.000,7807.000,15629.000,85284496,3136517
2007,경북,36250.000,2667.000,7596.000,25987.000,83621419,2643478
2007,광주,6804.000,1576.000,2988.000,2240.000,27392264,1456365
2007,대구,12927.000,2727.000,5240.000,4960.000,42074727,2483535
2007,대전,7824.000,1603.000,4022.000,2199.000,29906786,1493931
2007,부산,17905.000,4024.000,7654.000,6227.000,68944140,3538031
2007,서울,42974.000,12043.000,28495.000,2436.000,309525926,10068563
2007,세종,,,,,,
2007,울산,22739.000,1206.000,2410.000,19123.000,65950587,1079299
2007,인천,19446.000,2876.000,5601.000,10969.000,64675503,2642899
2007,전남,20341.000,1895.000,4597.000,13849.000,61058914,1805854
2007,전북,15166.000,1939.000,4636.000,8591.000,37890302,1791609
2007,제주,3039.000,535.000,1540.000,964.000,11335159,543134
2007,충남,28051.000,2087.000,6368.000,19596.000,76413497,1972847
2007,충북,16679.000,1600.000,4490.000,10589.000,38575637,1494268
2008,강원,13895.000,1675.000,6404.000,5816.000,33674653,1480389
2008,경기,81848.000,12979.000,30217.000,38652.000,268221081,11266554
2008,경남,28074.000,3525.000,8318.000,16231.000,89539592,3166472
2008,경북,37164.000,2767.000,7985.000,26412.000,86102708,2639236
2008,광주,7046.000,1639.000,3175.000,2232.000,27791206,1465274
2008,대구,13266.000,2841.000,5445.000,4980.000,42614503,2480984
2008,대전,8088.000,1656.000,4205.000,2227.000,30273625,1501152
2008,부산,18709.000,4123.000,7952.000,6634.000,70785024,3514331
2008,서울,44096.000,12318.000,29499.000,2279.000,317128072,10111880
2008,세종,,,,,,
2008,울산,24132.000,1263.000,2501.000,20368.000,64401338,1091665
2008,인천,19915.000,3023.000,5945.000,10947.000,64033773,2689010
2008,전남,21869.000,1962.000,4850.000,15057.000,61841218,1794149
2008,전북,15927.000,2015.000,4855.000,9057.000,39294329,1788455
2008,제주,3184.000,551.000,1635.000,998.000,11450325,543894
2008,충남,30428.000,2198.000,6631.000,21599.000,80523469,2012542
2008,충북,17376.000,1662.000,4762.000,10952.000,37908674,1508721
2009,강원,13992.116,1725.281,6555.502,5711.333,33976932,1485148
2009,경기,83856.187,13489.458,31365.034,39001.695,273835863,11413244
2009,경남,28393.041,3624.001,8533.030,16236.010,92664822,3192481
2009,경북,37983.312,2842.913,8090.218,27050.181,85724356,2634167
2009,광주,7169.715,1657.801,3277.108,2234.806,27180608,1479146
2009,대구,13133.729,2861.856,5465.213,4806.660,41429265,2481714
2009,대전,8224.740,1679.159,4316.246,2229.335,31068315,1508164
2009,부산,18689.438,4128.794,8072.799,6487.845,68336815,3497197
2009,서울,44984.458,12536.961,30234.973,2212.524,321873162,10138867
2009,세종,,,,,,
2009,울산,24682.548,1279.602,3076.067,20326.879,63392764,1098027
2009,인천,20032.121,3128.560,6292.333,10611.228,63153061,2699716
2009,전남,23589.469,2018.101,5147.346,16424.022,61529089,1785309
2009,전북,16684.299,2079.019,5041.124,9564.156,39655937,1791713
2009,제주,3352.343,560.849,1741.161,1050.333,12158772,545602
2009,충남,32115.474,2272.078,6977.565,22865.831,82604137,2040220
2009,충북,17591.646,1711.047,4949.515,10931.084,40008263,1517120
2010,강원,14848.000,1828.000,7060.000,5960.000,35452559,1488794
2010,경기,93075.000,14496.000,34249.000,44330.000,300716256,11618962
2010,경남,31549.000,3891.000,9149.000,18509.000,98297235,3217263
2010,경북,41589.000,3053.000,8791.000,29745.000,92044050,2630443
2010,광주,7860.000,1737.000,3442.000,2681.000,30457831,1493632
2010,대구,14479.000,3057.000,5891.000,5531.000,44114977,2479781
2010,대전,8867.000,1782.000,4648.000,2437.000,33247905,1515009
2010,부산,20264.000,4359.000,8771.000,7134.000,71968834,3476658
2010,서울,47294.000,13082.000,31863.000,2349.000,333249300,10088611
2010,세종,,,,,,
2010,울산,26516.000,1385.000,2909.000,22222.000,66254235,1099035
2010,인천,21828.000,3322.000,6956.000,11550.000,69301148,2722990
2010,전남,25060.000,2132.000,5824.000,17104.000,67644440,1777282
2010,전북,18949.000,2205.000,5421.000,11323.000,41674930,1795819
2010,제주,3575.000,603.000,1850.000,1122.000,12380394,547917
2010,충남,38808.000,2424.000,7535.000,28849.000,92056862,2077637
2010,충북,19440.000,1837.000,5416.000,12187.000,43503412,1524279
2011,강원,15876.000,1845.000,7137.000,6894.000,36296644,1497944
2011,경기,97003.000,14727.000,34614.000,47662.000,313748238,11825310
2011,경남,33071.000,3928.000,9240.000,19903.000,101258402,3244712
2011,경북,44167.000,3083.000,9245.000,31839.000,94466406,2644992
2011,광주,8047.000,1744.000,3478.000,2825.000,31011787,1502051
2011,대구,14821.000,3028.000,5976.000,5817.000,45657599,2483116
2011,대전,9060.000,1804.000,4696.000,2560.000,34446444,1528356
2011,부산,20561.000,4344.000,8678.000,7539.000,73792908,3476349
2011,서울,46903.000,12952.000,31683.000,2268.000,343756313,10072235
2011,세종,,,,,,
2011,울산,28200.000,1387.000,3273.000,23540.000,71517190,1112079
2011,인천,22242.000,3390.000,7112.000,11740.000,70536942,2754739
2011,전남,27138.000,2151.000,5805.000,19182.000,66697766,1778593
2011,전북,21169.000,2231.000,5485.000,13453.000,43285951,1808733
2011,제주,3710.000,613.000,1900.000,1197.000,13231976,553845
2011,충남,42650.000,2475.000,7382.000,32793.000,98515870,2108370
2011,충북,20453.000,1861.000,5598.000,12994.000,46066868,1545214
2012,강원,15904.000,1876.000,7216.000,6812.000,37021010,1504234
2012,경기,100291.000,15445.000,34952.000,49894.000,327820620,11974482
2012,경남,33015.000,4027.000,9351.000,19637.000,103911994,3265495
2012,경북,44800.000,3134.000,9653.000,32013.000,95229383,2655755
2012,광주,8129.000,1760.000,3532.000,2837.000,31650181,1503758
2012,대구,14956.000,3051.000,6040.000,5865.000,47367831,2480493
2012,대전,9160.000,1846.000,4770.000,2544.000,34977219,1540136
2012,부산,20665.000,4443.000,8617.000,7605.000,75742868,3461881
2012,서울,47233.000,13401.000,31740.000,2092.000,348568408,10036273
2012,세종,,,,,,102157
2012,울산,29361.000,1415.000,3812.000,24134.000,71957705,1124659
2012,인천,22652.000,3594.000,7220.000,11838.000,73129842,2793754
2012,전남,28485.000,2188.000,5964.000,20333.000,67142356,1782361
2012,전북,21463.000,2268.000,5623.000,13572.000,43728235,1817430
2012,제주,3865.000,634.000,1966.000,1265.000,14067649,560818
2012,충남,44493.000,2518.000,7654.000,34321.000,99219568,2042689
2012,충북,21361.000,1898.000,5659.000,13804.000,47647389,1553478
2013,강원,15794.740,1885.497,7174.933,6734.310,38211948,1505686
2013,경기,102227.068,15554.163,35246.455,51426.450,346430719,12126274
2013,경남,33530.619,4055.225,9462.611,20012.783,104475348,3277965
2013,경북,45444.246,3177.243,9532.500,32734.503,98842637,2660941
2013,광주,8274.075,1850.640,3539.867,2883.568,32859385,1503835
2013,대구,14270.053,3076.642,6029.008,5164.403,49036361,2475657
2013,대전,9225.141,1856.172,4752.094,2616.875,35375467,1545232
2013,부산,20364.705,4437.009,8541.484,7386.212,77000292,3455734
2013,서울,46555.104,13319.847,31140.693,2094.564,354319250,9990010
2013,세종,2345.527,157.398,635.155,1552.974,6883305,118463
2013,울산,29992.968,1445.229,4092.149,24455.590,72322408,1137472
2013,인천,22673.442,3643.784,7189.439,11840.219,75073082,2829608
2013,전남,30302.069,2206.805,5919.151,22176.113,68435908,1783896
2013,전북,21708.655,2282.596,5602.759,13823.300,45637671,1820969
2013,제주,4094.900,658.131,2049.261,1387.508,14763437,570034
2013,충남,45466.813,2448.583,7425.830,35592.400,97403497,2062301
2013,충북,21665.043,1915.496,5693.366,14056.181,49519653,1564816
2014,강원,15778.145,1868.276,7000.275,6909.594,40077987,1510198
2014,경기,102180.707,15291.673,34818.533,52070.501,362159526,12282013
2014,경남,33435.156,3983.189,9268.369,20183.598,104843574,3307369
2014,경북,46016.365,3118.273,9235.973,33662.119,105901155,2670922
2014,광주,8197.277,1841.416,3475.986,2879.875,34169569,1504582
2014,대구,14858.787,2973.764,5857.273,6027.750,50329551,2474900
2014,대전,9102.525,1826.425,4637.117,2638.983,36081650,1552692
2014,부산,19980.897,4309.603,8308.817,7362.477,80258570,3452309
2014,서울,45018.863,12892.129,30040.126,2086.608,359661759,9975163
2014,세종,2437.032,192.589,657.760,1586.683,8635120,132437
2014,울산,30115.123,1419.552,3812.092,24883.479,72408971,1151171
2014,인천,22578.049,3596.277,7060.371,11921.401,78694187,2862241
2014,전남,31722.944,2163.133,5823.349,23736.462,68405097,1791887
2014,전북,22297.412,2236.213,5443.006,14618.193,46567890,1829437
2014,제주,4220.089,647.664,2101.001,1471.424,15785920,583335
2014,충남,47294.962,2423.744,7251.134,37620.084,100199403,2087600
2014,충북,22179.261,1891.278,5495.104,14792.879,51596699,1578403
2015,강원,16206.619,1888.434,7167.806,7150.379,40867985,1516636
2015,경기,105048.003,15607.128,35926.057,53514.818,381978306,12423017
2015,경남,33876.326,4057.544,9465.814,20352.968,106590936,3330230
2015,경북,44956.836,3176.918,9324.696,32455.222,103120174,2677768
2015,광주,8333.873,1880.747,3555.976,2897.150,34845589,1505906
2015,대구,14947.708,3024.175,5950.706,5972.827,51822013,2468755
2015,대전,9182.737,1849.215,4728.122,2605.400,37162614,1542394
2015,부산,20002.309,4352.290,8385.914,7264.105,82701497,3452260
2015,서울,45381.482,12964.825,30375.292,2041.365,370167867,9941162
2015,세종,2641.139,272.724,766.151,1602.264,9261543,187202
2015,울산,30286.141,1450.241,3928.438,24907.462,72854409,1163719
2015,인천,23211.765,3662.376,7266.543,12282.846,80137506,2882868
2015,전남,32637.828,2205.174,6045.344,24387.310,68878376,1796578
2015,전북,22086.860,2276.416,5669.138,14141.306,47018028,1835125
2015,제주,4429.553,675.632,2229.196,1524.725,16946709,599252
2015,충남,47286.061,2509.792,7760.316,37015.953,101299131,2102811
2015,충북,22949.031,1940.308,5670.154,15338.569,55191633,1589264
2016,강원,16498.769,1928.362,7518.305,7052.102,42047331,1520686
2016,경기,109403.899,16311.036,37556.383,55536.480,399827962,12600313
2016,경남,34497.476,4226.226,9805.211,20466.039,107343355,3337708
2016,경북,44647.504,3293.587,9662.786,31691.131,105745496,2683339
2016,광주,8558.367,1948.144,3664.480,2945.743,35933462,1502125
2016,대구,15268.111,3143.661,6148.555,5975.895,51823902,2461272
2016,대전,9379.634,1899.110,4881.042,2599.482,38456557,1536169
2016,부산,20467.091,4472.262,8760.626,7234.203,84114530,3446962
2016,서울,46493.236,13311.577,31251.430,1930.229,380679274,9842501
2016,세종,2801.866,333.148,865.474,1603.244,9729904,234410
2016,울산,32095.222,1488.489,4293.297,26313.436,73477668,1166202
2016,인천,23875.858,3819.581,7738.039,12318.238,82257112,2907366
2016,전남,33096.901,2281.952,6353.407,24461.542,70449724,1798310
2016,전북,22733.496,2340.425,5871.554,14521.517,46664550,1835243
2016,제주,4738.201,735.092,2428.538,1574.571,18307842,618119
2016,충남,48453.932,2629.227,8232.709,37591.996,104503363,2126174
2016,충북,24008.863,2011.175,5857.157,16140.531,58380533,1600904
2017,강원,16552.815,1940.933,7604.170,7007.712,43761362,1520879
2017,경기,114847.860,16587.710,38968.213,59291.937,426172886,12785790
2017,경남,34647.865,4260.988,10095.297,20291.580,106561346,3339275
2017,경북,45455.611,3302.463,10065.517,32087.631,104429785,2675128
2017,광주,8683.650,1954.876,3740.500,2988.274,36384616,1495392
2017,대구,15386.371,3151.904,6296.834,5937.633,52721214,2457769
2017,대전,9423.804,1872.890,4910.602,2640.312,38772485,1527784
2017,부산,21007.359,4473.510,8888.045,7645.804,85441974,3424409
2017,서울,46298.158,13131.172,31228.879,1938.107,389584629,9766399
2017,세종,2918.757,384.903,945.099,1588.755,10140164,265517
2017,울산,31609.850,1487.143,4139.251,25983.456,72968962,1158787
2017,인천,24515.314,3856.852,8076.164,12582.298,85791563,2923859
2017,전남,33562.076,2284.124,6654.683,24623.269,71340179,1795036
2017,전북,22799.648,2326.183,6007.286,14466.179,47553099,1828527
2017,제주,5013.546,782.601,2610.459,1620.486,19144657,634919
2017,충남,50180.209,2691.823,8254.052,39234.334,110165655,2153380
2017,충북,24843.494,2027.281,6071.778,16744.435,61953139,1609061
2018,강원,16845.836,2060.563,7936.747,6848.526,44574334,1520816
2018,경기,122695.954,18016.468,41387.394,63292.092,451914662,13031356
2018,경남,35158.611,4482.335,10429.993,20246.283,107224316,3355874
2018,경북,45958.813,3498.309,10446.240,32014.264,103149107,2674333
2018,광주,8773.811,2056.435,3846.709,2870.667,38216077,1493417
2018,대구,15675.749,3314.918,6502.828,5858.003,53964991,2449789
2018,대전,9648.827,1970.225,5128.876,2549.726,39135729,1517902
2018,부산,21216.605,4660.700,9105.731,7450.174,86889875,3400027
2018,서울,47810.210,13766.796,32297.703,1745.711,403605888,9704546
2018,세종,3087.692,470.529,1031.092,1586.071,10423610,303582
2018,울산,33748.169,1552.259,4285.255,27910.655,71344390,1154482
2018,인천,24921.927,4112.199,8558.318,12251.410,86426825,2938875
2018,전남,34118.389,2380.293,6878.725,24859.371,72888289,1790233
2018,전북,22961.959,2431.432,6272.350,14258.177,48350793,1820168
2018,제주,5272.603,831.090,2752.105,1689.408,18968300,652693
2018,충남,52012.706,2897.959,8523.766,40590.981,110873163,2179663
2018,충북,26239.895,2184.680,6372.071,17683.144,65830010,1618877
