period,msl 
1 ,1.445 
2 ,1.445 
3 ,1.390 
4 ,1.436 
5 ,1.490 
6 ,1.369 
7 ,1.417 
8 ,1.451 
9 ,1.402 
10 ,1.378 
11 ,1.402 
12 ,1.433 
13 ,1.445 
14 ,1.408 
15 ,1.433 
16 ,1.451 
17 ,1.521 
18 ,1.512 
19 ,1.466 
20 ,1.487 
21 ,1.469 
22 ,1.408 
23 ,1.442 
24 ,1.448 
25 ,1.466 
26 ,1.420 
27 ,1.414 
28 ,1.411 
29 ,1.457 
30 ,1.490 
31 ,1.454 
32 ,1.399 
33 ,1.387 
34 ,1.329 
35 ,1.417 
36 ,1.445 
37 ,1.448 
38 ,1.436 
39 ,1.439 
40 ,1.445 
41 ,1.506 
42 ,1.460 
43 ,1.487 
44 ,1.500 
45 ,1.451 
46 ,1.414 
47 ,1.426 
48 ,1.484 
49 ,1.451 
50 ,1.439 
51 ,1.408 
52 ,1.436 
53 ,1.472 
54 ,1.494 
55 ,1.445 
56 ,1.451 
57 ,1.414 
58 ,1.390 
59 ,1.384 
60 ,1.426 
73 ,1.399 
74 ,1.387 
75 ,1.423 
76 ,1.448 
77 ,1.503 
78 ,1.481 
79 ,1.490 
80 ,1.448 
81 ,1.408 
82 ,1.347 
83 ,1.417 
84 ,1.439 
85 ,1.381 
86 ,1.344 
87 ,1.381 
88 ,1.466 
89 ,1.515 
90 ,1.460 
91 ,1.490 
92 ,1.463 
93 ,1.472 
94 ,1.518 
95 ,1.393 
96 ,1.308 
97 ,1.195 
98 ,1.280 
99 ,1.457 
100 ,1.591 
101 ,1.515 
102 ,1.390 
103 ,1.433 
104 ,1.494 
105 ,1.512 
106 ,1.606 
107 ,1.405 
108 ,1.372 
109 ,1.298 
110 ,1.387 
111 ,1.359 
112 ,1.378 
113 ,1.509 
114 ,1.469 
115 ,1.280 
116 ,1.420 
117 ,1.451 
118 ,1.420 
119 ,1.420 
120 ,1.390 
121 ,1.347 
122 ,1.256 
123 ,1.262 
124 ,1.369 
125 ,1.439 
126 ,1.469 
127 ,1.481 
128 ,1.475 
129 ,1.472 
130 ,1.585 
131 ,1.445 
132 ,1.323 
133 ,1.457 
134 ,1.317 
135 ,1.494 
136 ,1.399 
137 ,1.478 
138 ,1.469 
139 ,1.622 
140 ,1.469 
141 ,1.475 
142 ,1.494 
143 ,1.393 
144 ,1.366 
145 ,1.359 
146 ,1.271 
147 ,1.338 
148 ,1.487 
149 ,1.701 
150 ,1.521 
151 ,1.530 
152 ,1.445 
153 ,1.554 
154 ,1.509 
155 ,1.484 
156 ,1.311 
157 ,1.381 
158 ,1.323 
159 ,1.335 
160 ,1.417 
161 ,1.506 
162 ,1.439 
163 ,1.457 
164 ,1.469 
165 ,1.481 
166 ,1.494 
167 ,1.414 
168 ,1.433 
169 ,1.366 
170 ,1.475 
171 ,1.542 
172 ,1.612 
173 ,1.536 
174 ,1.518 
175 ,1.515 
176 ,1.536 
177 ,1.536 
178 ,1.524 
179 ,1.390 
180 ,1.372 
181 ,1.341 
182 ,1.341 
183 ,1.445 
184 ,1.524 
185 ,1.451 
186 ,1.503 
187 ,1.494 
188 ,1.487 
189 ,1.500 
190 ,1.402 
191 ,1.439 
192 ,1.231 
193 ,1.329 
194 ,1.408 
195 ,1.332 
196 ,1.390 
197 ,1.399 
198 ,1.487 
199 ,1.487 
200 ,1.481 
201 ,1.423 
202 ,1.518 
203 ,1.445 
204 ,1.433 
205 ,1.359 
206 ,1.372 
207 ,1.301 
208 ,1.521 
209 ,1.506 
210 ,1.472 
211 ,1.497 
212 ,1.518 
213 ,1.500 
214 ,1.533 
215 ,1.375 
216 ,1.396 
217 ,1.408 
218 ,1.366 
219 ,1.289 
220 ,1.359 
221 ,1.457 
222 ,1.475 
223 ,1.460 
224 ,1.497 
225 ,1.515 
226 ,1.390 
227 ,1.338 
228 ,1.225 
229 ,1.372 
230 ,1.237 
231 ,1.399 
232 ,1.439 
233 ,1.390 
234 ,1.417 
235 ,1.463 
236 ,1.515 
237 ,1.457 
238 ,1.469 
239 ,1.411 
240 ,1.396 
241 ,1.210 
242 ,1.308 
243 ,1.405 
244 ,1.463 
245 ,1.436 
246 ,1.463 
247 ,1.475 
248 ,1.500 
249 ,1.564 
250 ,1.393 
251 ,1.622 
252 ,1.399 
253 ,1.286 
254 ,1.353 
255 ,1.396 
256 ,1.521 
257 ,1.500 
258 ,1.460 
259 ,1.497 
260 ,1.573 
261 ,1.527 
262 ,1.558 
263 ,1.551 
264 ,1.420 
265 ,1.417 
266 ,1.558 
267 ,1.481 
268 ,1.573 
269 ,1.570 
270 ,1.548 
271 ,1.512 
272 ,1.567 
273 ,1.545 
274 ,1.521 
275 ,1.420 
276 ,1.490 
445 ,1.439 
446 ,1.320 
447 ,1.460 
448 ,1.533 
449 ,1.551 
450 ,1.594 
451 ,1.521 
452 ,1.597 
453 ,1.545 
454 ,1.579 
455 ,1.509 
456 ,1.366 
457 ,1.512 
458 ,1.426 
459 ,1.454 
460 ,1.609 
461 ,1.570 
462 ,1.512 
463 ,1.518 
464 ,1.548 
465 ,1.573 
466 ,1.564 
467 ,1.393 
468 ,1.481 
469 ,1.384 
470 ,1.308 
471 ,1.353 
472 ,1.521 
473 ,1.500 
474 ,1.573 
475 ,1.570 
476 ,1.536 
477 ,1.561 
478 ,1.524 
479 ,1.497 
480 ,1.545 
481 ,1.497 
482 ,1.381 
483 ,1.305 
484 ,1.481 
485 ,1.561 
486 ,1.554 
487 ,1.518 
488 ,1.561 
489 ,1.588 
490 ,1.652 
491 ,1.527 
492 ,1.542 
493 ,1.393 
494 ,1.545 
495 ,1.451 
496 ,1.451 
497 ,1.545 
498 ,1.594 
499 ,1.634 
500 ,1.628 
501 ,1.603 
502 ,1.673 
503 ,1.466 
504 ,1.451 
505 ,1.454 
506 ,1.460 
507 ,1.469 
508 ,1.597 
509 ,1.643 
510 ,1.588 
511 ,1.588 
512 ,1.567 
513 ,1.576 
514 ,1.612 
515 ,1.536 
516 ,1.408 
517 ,1.384 
518 ,1.442 
519 ,1.533 
520 ,1.533 
521 ,1.603 
522 ,1.548 
523 ,1.539 
524 ,1.634 
525 ,1.609 
526 ,1.564 
527 ,1.597 
528 ,1.478 
529 ,1.323 
530 ,1.353 
531 ,1.399 
532 ,1.466 
533 ,1.548 
534 ,1.585 
535 ,1.551 
536 ,1.603 
537 ,1.585 
538 ,1.591 
539 ,1.497 
540 ,1.469 
541 ,1.500 
542 ,1.262 
543 ,1.457 
544 ,1.701 
545 ,1.655 
546 ,1.625 
547 ,1.628 
548 ,1.652 
549 ,1.676 
550 ,1.542 
551 ,1.564 
552 ,1.527 
553 ,1.445 
554 ,1.484 
555 ,1.570 
556 ,1.564 
557 ,1.530 
558 ,1.573 
559 ,1.618 
560 ,1.634 
561 ,1.661 
562 ,1.646 
563 ,1.646 
564 ,1.567 
565 ,1.405 
566 ,1.335 
567 ,1.506 
568 ,1.658 
569 ,1.570 
570 ,1.716 
571 ,1.609 
572 ,1.655 
573 ,1.609 
574 ,1.713 
575 ,1.530 
576 ,1.387 
577 ,1.433 
578 ,1.326 
579 ,1.448 
580 ,1.509 
581 ,1.545 
582 ,1.606 
583 ,1.576 
584 ,1.551 
585 ,1.573 
586 ,1.548 
587 ,1.545 
588 ,1.472 
589 ,1.439 
590 ,1.326 
591 ,1.426 
592 ,1.487 
593 ,1.487 
594 ,1.558 
595 ,1.561 
596 ,1.609 
597 ,1.582 
598 ,1.539 
599 ,1.472 
600 ,1.500 
601 ,1.512 
602 ,1.417 
603 ,1.381 
604 ,1.524 
605 ,1.521 
606 ,1.612 
607 ,1.618 
608 ,1.628 
609 ,1.600 
610 ,1.637 
611 ,1.506 
612 ,1.436 
613 ,1.417 
614 ,1.375 
615 ,1.463 
616 ,1.524 
617 ,1.524 
618 ,1.606 
619 ,1.570 
620 ,1.567 
621 ,1.554 
622 ,1.524 
623 ,1.570 
624 ,1.512 
625 ,1.420 
626 ,1.369 
627 ,1.423 
628 ,1.408 
629 ,1.554 
630 ,1.561 
631 ,1.564 
632 ,1.670 
633 ,1.625 
634 ,1.655 
635 ,1.423 
636 ,1.433 
637 ,1.475 
638 ,1.436 
639 ,1.457 
640 ,1.478 
641 ,1.637 
642 ,1.591 
643 ,1.582 
644 ,1.655 
645 ,1.631 
646 ,1.530 
647 ,1.558 
648 ,1.554 
649 ,1.521 
650 ,1.442 
651 ,1.509 
652 ,1.634 
653 ,1.582 
654 ,1.631 
655 ,1.615 
656 ,1.573 
657 ,1.640 
658 ,1.582 
659 ,1.585 
660 ,1.506 
661 ,1.420 
662 ,1.530 
663 ,1.439 
664 ,1.548 
665 ,1.558 
666 ,1.634 
667 ,1.554 
668 ,1.600 
669 ,1.682 
670 ,1.679 
671 ,1.472 
672 ,1.490 
673 ,1.353 
674 ,1.378 
675 ,1.442 
676 ,1.481 
677 ,1.545 
678 ,1.524 
679 ,1.524 
680 ,1.579 
681 ,1.649 
682 ,1.576 
683 ,1.518 
684 ,1.396 
685 ,1.420 
686 ,1.362 
687 ,1.326 
688 ,1.518 
689 ,1.551 
690 ,1.554 
691 ,1.539 
692 ,1.603 
693 ,1.591 
694 ,1.676 
695 ,1.542 
696 ,1.472 
697 ,1.570 
698 ,1.399 
699 ,1.487 
700 ,1.545 
701 ,1.585 
702 ,1.567 
703 ,1.612 
704 ,1.582 
705 ,1.600 
706 ,1.625 
707 ,1.487 
708 ,1.551 
709 ,1.530 
710 ,1.548 
711 ,1.512 
712 ,1.490 
713 ,1.561 
714 ,1.606 
715 ,1.628 
716 ,1.673 
717 ,1.582 
718 ,1.625 
719 ,1.554 
720 ,1.481 
721 ,1.445 
722 ,1.451 
723 ,1.518 
724 ,1.646 
725 ,1.594 
726 ,1.673 
727 ,1.570 
728 ,1.628 
729 ,1.618 
730 ,1.588 
731 ,1.536 
732 ,1.384 
733 ,1.417 
734 ,1.420 
735 ,1.527 
736 ,1.545 
737 ,1.670 
738 ,1.612 
739 ,1.628 
740 ,1.637 
741 ,1.625 
742 ,1.618 
743 ,1.561 
744 ,1.497 
745 ,1.518 
746 ,1.490 
747 ,1.554 
748 ,1.622 
749 ,1.475 
750 ,1.597 
751 ,1.600 
752 ,1.600 
753 ,1.570 
754 ,1.536 
755 ,1.545 
756 ,1.597 
757 ,1.457 
758 ,1.506 
759 ,1.554 
760 ,1.573 
761 ,1.673 
762 ,1.667 
763 ,1.628 
764 ,1.704 
765 ,1.655 
766 ,1.679 
767 ,1.692 
768 ,1.521 
774 ,1.679 
775 ,1.615 
776 ,1.661 
777 ,1.655 
778 ,1.652 
779 ,1.622 
780 ,1.597 
781 ,1.497 
782 ,1.618 
783 ,1.536 
784 ,1.637 
785 ,1.750 
786 ,1.658 
787 ,1.655 
788 ,1.618 
789 ,1.655 
790 ,1.561 
791 ,1.637 
792 ,1.515 
793 ,1.426 
794 ,1.490 
795 ,1.521 
796 ,1.551 
797 ,1.591 
798 ,1.622 
799 ,1.628 
800 ,1.622 
801 ,1.640 
802 ,1.615 
803 ,1.561 
804 ,1.536 
805 ,1.530 
806 ,1.472 
807 ,1.500 
808 ,1.582 
809 ,1.579 
810 ,1.600 
811 ,1.609 
812 ,1.609 
813 ,1.603 
814 ,1.631 
815 ,1.646 
816 ,1.524 
817 ,1.405 
818 ,1.582 
819 ,1.667 
820 ,1.588 
821 ,1.670 
822 ,1.628 
823 ,1.594 
824 ,1.646 
825 ,1.628 
826 ,1.612 
827 ,1.545 
828 ,1.408 
829 ,1.582 
830 ,1.497 
831 ,1.457 
832 ,1.567 
833 ,1.579 
834 ,1.585 
835 ,1.603 
836 ,1.603 
837 ,1.652 
838 ,1.548 
839 ,1.521 
840 ,1.466 
841 ,1.393 
842 ,1.524 
843 ,1.430 
844 ,1.506 
845 ,1.567 
846 ,1.585 
847 ,1.600 
848 ,1.673 
849 ,1.676 
850 ,1.628 
851 ,1.515 
852 ,1.527 
853 ,1.405 
854 ,1.573 
855 ,1.576 
856 ,1.554 
857 ,1.615 
858 ,1.622 
859 ,1.591 
860 ,1.679 
861 ,1.634 
862 ,1.646 
863 ,1.582 
864 ,1.573 
865 ,1.381 
866 ,1.439 
867 ,1.487 
868 ,1.506 
869 ,1.597 
870 ,1.631 
871 ,1.625 
872 ,1.673 
873 ,1.676 
874 ,1.548 
875 ,1.481 
876 ,1.436 
877 ,1.323 
878 ,1.533 
879 ,1.521 
880 ,1.679 
881 ,1.518 
882 ,1.643 
883 ,1.588 
884 ,1.609 
885 ,1.643 
886 ,1.561 
887 ,1.554 
888 ,1.494 
889 ,1.478 
890 ,1.484 
891 ,1.463 
892 ,1.478 
893 ,1.539 
894 ,1.542 
895 ,1.594 
896 ,1.640 
897 ,1.622 
898 ,1.673 
899 ,1.481 
900 ,1.527 
901 ,1.460 
902 ,1.481 
903 ,1.698 
904 ,1.554 
905 ,1.594 
906 ,1.661 
907 ,1.676 
908 ,1.686 
909 ,1.655 
910 ,1.615 
911 ,1.512 
912 ,1.472 
913 ,1.573 
914 ,1.548 
915 ,1.448 
916 ,1.542 
917 ,1.548 
918 ,1.615 
919 ,1.631 
920 ,1.628 
921 ,1.679 
922 ,1.585 
923 ,1.692 
924 ,1.542 
925 ,1.615 
926 ,1.436 
927 ,1.524 
928 ,1.655 
929 ,1.646 
930 ,1.670 
931 ,1.689 
932 ,1.719 
933 ,1.728 
934 ,1.661 
935 ,1.530 
936 ,1.506 
937 ,1.484 
938 ,1.390 
939 ,1.490 
940 ,1.615 
941 ,1.573 
942 ,1.646 
943 ,1.637 
944 ,1.637 
945 ,1.695 
946 ,1.643 
947 ,1.554 
948 ,1.475 
949 ,1.490 
950 ,1.457 
951 ,1.530 
952 ,1.673 
953 ,1.582 
954 ,1.676 
955 ,1.652 
956 ,1.673 
957 ,1.661 
958 ,1.622 
959 ,1.768 
960 ,1.564 
961 ,1.466 
962 ,1.506 
963 ,1.652 
964 ,1.564 
965 ,1.551 
966 ,1.649 
967 ,1.692 
968 ,1.643 
969 ,1.673 
970 ,1.646 
971 ,1.506 
972 ,1.536 
973 ,1.582 
974 ,1.643 
975 ,1.484 
976 ,1.670 
977 ,1.646 
978 ,1.667 
979 ,1.689 
980 ,1.634 
981 ,1.682 
982 ,1.655 
983 ,1.600 
984 ,1.558 
985 ,1.631 
986 ,1.594 
987 ,1.603 
988 ,1.597 
989 ,1.652 
990 ,1.652 
991 ,1.637 
992 ,1.667 
993 ,1.692 
994 ,1.759 
995 ,1.615 
996 ,1.594 
997 ,1.542 
998 ,1.558 
999 ,1.609 
1000 ,1.643 
1001 ,1.695 
1002 ,1.704 
1003 ,1.686 
1004 ,1.740 
1005 ,1.716 
1006 ,1.667 
1007 ,1.618 
1008 ,1.521 
1009 ,1.484 
1010 ,1.664 
1011 ,1.533 
1012 ,1.649 
1013 ,1.740 
1014 ,1.704 
1015 ,1.658 
1016 ,1.695 
1017 ,1.704 
1018 ,1.698 
1019 ,1.579 
1020 ,1.594 
1021 ,1.631 
1022 ,1.515 
1023 ,1.494 
1024 ,1.661 
1025 ,1.634 
1026 ,1.692 
1027 ,1.679 
1028 ,1.670 
1029 ,1.658 
1030 ,1.625 
1031 ,1.585 
1032 ,1.564 
1033 ,1.554 
1034 ,1.497 
1035 ,1.655 
1036 ,1.655 
1037 ,1.667 
1038 ,1.731 
1039 ,1.710 
1040 ,1.713 
1041 ,1.762 
1042 ,1.737 
1043 ,1.637 
1044 ,1.536 
1045 ,1.564 
1046 ,1.512 
1047 ,1.573 
1048 ,1.585 
1049 ,1.646 
1050 ,1.689 
1051 ,1.692 
1052 ,1.728 
1053 ,1.737 
1054 ,1.756 
1055 ,1.643 
1056 ,1.472 
1057 ,1.561 
1058 ,1.521 
1059 ,1.606 
1060 ,1.652 
1061 ,1.640 
1062 ,1.716 
1063 ,1.701 
1064 ,1.695 
1065 ,1.704 
1066 ,1.707 
1067 ,1.792 
1068 ,1.515 
1069 ,1.497 
1070 ,1.533 
1071 ,1.661 
1072 ,1.631 
1073 ,1.740 
1074 ,1.722 
1075 ,1.731 
1076 ,1.725 
1077 ,1.753 
1078 ,1.704 
1079 ,1.759 
1080 ,1.722 
1081 ,1.570 
1082 ,1.533 
1083 ,1.664 
1084 ,1.670 
1085 ,1.704 
1086 ,1.695 
1087 ,1.704 
1088 ,1.759 
1089 ,1.743 
1090 ,1.740 
1091 ,1.664 
1092 ,1.536 
1093 ,1.564 
1094 ,1.475 
1095 ,1.579 
1096 ,1.646 
1097 ,1.695 
1098 ,1.747 
1099 ,1.707 
1100 ,1.743 
1101 ,1.731 
1102 ,1.682 
1103 ,1.783 
1104 ,1.494 
1105 ,1.554 
1106 ,1.609 
1107 ,1.670 
1108 ,1.631 
1109 ,1.731 
1110 ,1.759 
1111 ,1.725 
1112 ,1.710 
1113 ,1.725 
1114 ,1.801 
1115 ,1.701 
1116 ,1.689 
1117 ,1.655 
1118 ,1.637 
1119 ,1.558 
1120 ,1.652 
1121 ,1.695 
1122 ,1.670 
1123 ,1.701 
1124 ,1.728 
1125 ,1.698 
1126 ,1.750 
1127 ,1.676 
1128 ,1.497 
1129 ,1.527 
1130 ,1.579 
1131 ,1.445 
1132 ,1.606 
1133 ,1.615 
1134 ,1.615 
1135 ,1.634 
1136 ,1.686 
1137 ,1.734 
1138 ,1.710 
1139 ,1.734 
1140 ,1.682 
1141 ,1.573 
1142 ,1.582 
1143 ,1.756 
1144 ,1.679 
1145 ,1.743 
1146 ,1.786 
1147 ,1.692 
1148 ,1.740 
1149 ,1.722 
1150 ,1.762 
1151 ,1.664 
1152 ,1.570 
1153 ,1.625 
1154 ,1.618 
1155 ,1.673 
1156 ,1.692 
1157 ,1.740 
1158 ,1.716 
1159 ,1.673 
1160 ,1.698 
1161 ,1.743 
1162 ,1.640 
1163 ,1.698 
1164 ,1.734 
1165 ,1.722 
1166 ,1.539 
1167 ,1.673 
1168 ,1.692 
1169 ,1.768 
1170 ,1.689 
1171 ,1.704 
1172 ,1.728 
1173 ,1.731 
1174 ,1.750 
1175 ,1.725 
1176 ,1.542 
1177 ,1.600 
1178 ,1.622 
1179 ,1.561 
1180 ,1.631 
1181 ,1.762 
1182 ,1.743 
1183 ,1.716 
1184 ,1.695 
1185 ,1.722 
1186 ,1.722 
1187 ,1.655 
1188 ,1.570 
1189 ,1.591 
1190 ,1.573 
1191 ,1.576 
1192 ,1.768 
1193 ,1.689 
1194 ,1.753 
1195 ,1.728 
1196 ,1.801 
1197 ,1.737 
1198 ,1.823 
1199 ,1.695 
1200 ,1.533 
1201 ,1.692 
1202 ,1.579 
1203 ,1.682 
1204 ,1.728 
1205 ,1.658 
1206 ,1.716 
1207 ,1.737 
1208 ,1.792 
1209 ,1.795 
1210 ,1.792 
1211 ,1.704 
1212 ,1.646 
1213 ,1.506 
1214 ,1.618 
1215 ,1.704 
1216 ,1.594 
1217 ,1.682 
1218 ,1.698 
1219 ,1.692 
1220 ,1.707 
1221 ,1.701 
1222 ,1.756 
1223 ,1.658 
1224 ,1.606 
1225 ,1.695 
1226 ,1.615 
1227 ,1.835 
1228 ,1.807 
1229 ,1.707 
1230 ,1.734 
1231 ,1.762 
1232 ,1.765 
1233 ,1.789 
1234 ,1.826 
1235 ,1.652 
1236 ,1.570 
1237 ,1.536 
1238 ,1.509 
1239 ,1.603 
1240 ,1.725 
1241 ,1.603 
1242 ,1.710 
1243 ,1.682 
1244 ,1.725 
1245 ,1.734 
1246 ,1.774 
1247 ,1.667 
1248 ,1.704 
1249 ,1.713 
1250 ,1.628 
1251 ,1.664 
1252 ,1.701 
1253 ,1.747 
1254 ,1.795 
1255 ,1.753 
1256 ,1.798 
1257 ,1.838 
1258 ,1.780 
1259 ,1.682 
1260 ,1.576 
1261 ,1.576 
1262 ,1.701 
1263 ,1.747 
1264 ,1.768 
1265 ,1.731 
1266 ,1.704 
1267 ,1.756 
1268 ,1.658 
1269 ,1.753 
1270 ,1.719 
1271 ,1.622 
1272 ,1.622 
1273 ,1.512 
1274 ,1.701 
1275 ,1.865 
1276 ,1.682 
1277 ,1.765 
1278 ,1.786 
1279 ,1.792 
1280 ,1.774 
1281 ,1.762 
1282 ,1.756 
1283 ,1.762 
1284 ,1.634 
1285 ,1.695 
1286 ,1.469 
1287 ,1.643 
1288 ,1.664 
1289 ,1.640 
1290 ,1.716 
1291 ,1.737 
1292 ,1.719 
1293 ,1.716 
1294 ,1.689 
1295 ,1.725 
1296 ,1.548 
1297 ,1.591 
1298 ,1.576 
1299 ,1.670 
1300 ,1.637 
1301 ,1.704 
1302 ,1.682 
1303 ,1.759 
1304 ,1.762 
1305 ,1.807 
1306 ,1.783 
1307 ,1.786 
1308 ,1.634 
1309 ,1.673 
1310 ,1.618 
1311 ,1.640 
1312 ,1.719 
1313 ,1.704 
1314 ,1.753 
1315 ,1.762 
1316 ,1.707 
1317 ,1.759 
1318 ,1.725 
1319 ,1.704 
1320 ,1.701 
1321 ,1.558 
1322 ,1.591 
1323 ,1.646 
1324 ,1.701 
1325 ,1.679 
1326 ,1.716 
1327 ,1.747 
1328 ,1.759 
1329 ,1.835 
1330 ,1.689 
1331 ,1.777 
1332 ,1.676 
1333 ,1.701 
1334 ,1.649 
1335 ,1.740 
1336 ,1.801 
1337 ,1.801 
1338 ,1.795 
1339 ,1.807 
1340 ,1.786 
1341 ,1.777 
1342 ,1.698 
1343 ,1.643 
1344 ,1.731 
1345 ,1.600 
1346 ,1.600 
1347 ,1.652 
1348 ,1.698 
1349 ,1.768 
1350 ,1.807 
1351 ,1.747 
1352 ,1.750 
1353 ,1.777 
1354 ,1.701 
1355 ,1.750 
1356 ,1.518 
1357 ,1.567 
1358 ,1.698 
1359 ,1.682 
1360 ,1.689 
1361 ,1.707 
1362 ,1.789 
1363 ,1.811 
1364 ,1.783 
1365 ,1.807 
1366 ,1.792 
1367 ,1.820 
1368 ,1.759 
1369 ,1.634 
1370 ,1.646 
1371 ,1.655 
1372 ,1.743 
1373 ,1.701 
1374 ,1.756 
1375 ,1.743 
1376 ,1.795 
1377 ,1.768 
1378 ,1.801 
1379 ,1.847 
1380 ,1.740 
1381 ,1.615 
1382 ,1.649 
1383 ,1.649 
1384 ,1.722 
1385 ,1.777 
1386 ,1.792 
1387 ,1.743 
1388 ,1.740 
1389 ,1.817 
1390 ,1.887 
1391 ,1.804 
1392 ,1.649 
1393 ,1.606 
1394 ,1.631 
1395 ,1.713 
1396 ,1.753 
1397 ,1.820 
1398 ,1.826 
1399 ,1.786 
1400 ,1.789 
1401 ,1.844 
1402 ,1.774 
1403 ,1.884 
1404 ,1.774 
1405 ,1.695 
1406 ,1.750 
1407 ,1.823 
1408 ,1.795 
1409 ,1.807 
1410 ,1.780 
1411 ,1.798 
1412 ,1.792 
1413 ,1.789 
1414 ,1.771 
1415 ,1.631 
1416 ,1.686 
1417 ,1.707 
1418 ,1.664 
1419 ,1.658 
1420 ,1.679 
1421 ,1.759 
1422 ,1.820 
1423 ,1.786 
1424 ,1.753 
1425 ,1.798 
1426 ,1.676 
1427 ,1.707 
1428 ,1.725 
1429 ,1.625 
1430 ,1.652 
1431 ,1.664 
1432 ,1.670 
1433 ,1.762 
1434 ,1.774 
1435 ,1.765 
1436 ,1.780 
1437 ,1.780 
1438 ,1.856 
1439 ,1.774 
1440 ,1.747 
1441 ,1.631 
1442 ,1.582 
1443 ,1.686 
1444 ,1.689 
1445 ,1.682 
1446 ,1.737 
1447 ,1.789 
1448 ,1.777 
1449 ,1.765 
1450 ,1.756 
1451 ,1.573 
1452 ,1.487 
1453 ,1.481 
1454 ,1.506 
1455 ,1.597 
1456 ,1.603 
1457 ,1.695 
1458 ,1.762 
1459 ,1.747 
1460 ,1.771 
1461 ,1.875 
1462 ,1.838 
1463 ,1.826 
1464 ,1.777 
1465 ,1.661 
1466 ,1.835 
1467 ,1.719 
1468 ,1.789 
1469 ,1.820 
1470 ,1.768 
1471 ,1.807 
1472 ,1.826 
1473 ,1.865 
1474 ,1.792 
1475 ,1.814 
1476 ,1.631 
1477 ,1.722 
1478 ,1.646 
1479 ,1.686 
1480 ,1.759 
1481 ,1.762 
1482 ,1.759 
1483 ,1.765 
1484 ,1.801 
1485 ,1.786 
1486 ,1.743 
1487 ,1.692 
1488 ,1.609 
1489 ,1.637 
1490 ,1.640 
1491 ,1.655 
1492 ,1.780 
1493 ,1.780 
1494 ,1.731 
1495 ,1.740 
1496 ,1.777 
1497 ,1.756 
1498 ,1.722 
1499 ,1.652 
1500 ,1.542 
1501 ,1.518 
1502 ,1.594 
1503 ,1.682 
1504 ,1.609 
1505 ,1.771 
1506 ,1.765 
1507 ,1.765 
1508 ,1.789 
1509 ,1.814 
1510 ,1.725 
1511 ,1.756 
1512 ,1.695 
1513 ,1.573 
1514 ,1.634 
1515 ,1.652 
1516 ,1.591 
1517 ,1.759 
1518 ,1.871 
1519 ,1.756 
1520 ,1.759 
1521 ,1.792 
1522 ,1.853 
1523 ,1.673 
1524 ,1.713 
1525 ,1.689 
1526 ,1.792 
1527 ,1.844 
1528 ,1.881 
1529 ,1.792 
1530 ,1.801 
1531 ,1.801 
1532 ,1.841 
1533 ,1.832 
1534 ,1.865 
1535 ,1.826 
1536 ,1.734 
1537 ,1.698 
1538 ,1.704 
1539 ,1.783 
1540 ,1.911 
1541 ,1.765 
1542 ,1.820 
1543 ,1.789 
1544 ,1.850 
1545 ,1.804 
1546 ,1.859 
1547 ,1.765 
1548 ,1.673 
1549 ,1.606 
1550 ,1.625 
1551 ,1.643 
1552 ,1.695 
1553 ,1.774 
1554 ,1.756 
1555 ,1.774 
1556 ,1.801 
1557 ,1.811 
1558 ,1.774 
1559 ,1.878 
1560 ,1.704 
1561 ,1.588 
1562 ,1.740 
1563 ,1.649 
1564 ,1.850 
1565 ,1.807 
1566 ,1.759 
1567 ,1.823 
1568 ,1.798 
1569 ,1.768 
1570 ,1.817 
1571 ,1.750 
1572 ,1.740 
1573 ,1.725 
1574 ,1.634 
1575 ,1.826 
1576 ,1.871 
1577 ,1.765 
1578 ,1.798 
1579 ,1.826 
1580 ,1.835 
1581 ,1.838 
1582 ,1.765 
1583 ,1.734 
1584 ,1.759 
1585 ,1.609 
1586 ,1.679 
1587 ,1.640 
1588 ,1.844 
1589 ,1.786 
1590 ,1.789 
1591 ,1.743 
1592 ,1.777 
1593 ,1.756 
1594 ,1.765 
1595 ,1.692 
1596 ,1.643 
1597 ,1.643 
1598 ,1.640 
1599 ,1.686 
1600 ,1.676 
1601 ,1.789 
1602 ,1.814 
1603 ,1.792 
1604 ,1.826 
1605 ,1.814 
1606 ,1.789 
1607 ,1.695 
1608 ,1.582 
1609 ,1.612 
1610 ,1.655 
1611 ,1.640 
1612 ,1.686 
1613 ,1.814 
1614 ,1.780 
1615 ,1.801 
1616 ,1.862 
1617 ,1.826 
1618 ,1.789 
1619 ,1.725 
1620 ,1.679 
1621 ,1.719 
1622 ,1.670 
1623 ,1.832 
1624 ,1.756 
1625 ,1.762 
1626 ,1.823 
1627 ,1.823 
1628 ,1.783 
1629 ,1.783 
1630 ,1.844 
1631 ,1.780 
1632 ,1.689 
1633 ,1.712 
1634 ,1.746 
1635 ,1.733 
1636 ,1.787 
1637 ,1.822 
1638 ,1.844 
1639 ,1.856 
1640 ,1.820 
1641 ,1.811 
1642 ,1.792 
1643 ,1.786 
1644 ,1.783 
1645 ,1.719 
1646 ,1.762 
1647 ,1.731 
1648 ,1.908 
1649 ,1.835 
1650 ,1.792 
1651 ,1.841 
1652 ,1.853 
1653 ,1.838 
1654 ,1.807 
1655 ,1.731 
1656 ,1.798 
1657 ,1.596 
1658 ,1.667 
1659 ,1.747 
1660 ,1.713 
1661 ,1.823 
1662 ,1.768 
1663 ,1.795 
1664 ,1.792 
1665 ,1.832 
1666 ,1.817 
1667 ,1.680 
1668 ,1.756 
1669 ,1.683 
1670 ,1.605 
1671 ,1.745 
1672 ,1.711 
1673 ,1.831 
1674 ,1.777 
1675 ,1.801 
1676 ,1.888 
1677 ,1.873 
1678 ,1.825 
1679 ,1.833 
1680 ,1.727 
1681 ,1.827 
1682 ,1.720 
1683 ,1.724 
1684 ,1.846 
1685 ,1.824 
1686 ,1.850 
1687 ,1.850 
1688 ,1.866 
1689 ,1.999 
1690 ,1.943 
1691 ,1.862 
1692 ,1.928 
1693 ,1.744 
1694 ,1.758 
1695 ,1.791 
1696 ,1.915 
1697 ,1.804 
1698 ,1.903 
1699 ,1.842 
1700 ,1.873 
1701 ,1.863 
1702 ,1.860 
1703 ,1.868 
1704 ,1.746 
1705 ,1.871 
1706 ,1.961 
1707 ,1.812 
1708 ,1.882 
1709 ,1.942 
1710 ,1.880 
1711 ,1.865 
1712 ,1.872 
1713 ,1.881 
1714 ,1.801 
1715 ,1.752 
1716 ,1.717 
1717 ,1.691 
1718 ,1.831 
1719 ,1.736 
1720 ,1.820 
1721 ,1.840 
1722 ,1.812 
1723 ,1.835 
1724 ,1.890 
1725 ,1.883 
1726 ,1.803 
1727 ,1.735 
1728 ,1.731 
1729 ,1.628 
1730 ,1.608 
1731 ,1.809 
1732 ,1.830 
1733 ,1.886 
1734 ,1.853 
1735 ,1.894 
1736 ,1.890 
1737 ,1.880 
1738 ,1.839 
1739 ,1.849 
1740 ,1.740 
1741 ,1.784 
1742 ,1.699 
1743 ,1.861 
1744 ,1.854 
1745 ,1.830 
1746 ,1.814 
1747 ,1.835 
1748 ,1.834 
1749 ,1.893 
1750 ,1.800 
1751 ,1.753 
1752 ,1.744 
1753 ,1.638 
1754 ,1.742 
1755 ,1.652 
1756 ,1.725 
1757 ,1.751 
1758 ,1.824 
1759 ,1.813 
1760 ,1.842 
1761 ,1.875 
1762 ,1.915 
1763 ,1.753 
1764 ,1.728 
1765 ,1.676 
1766 ,1.593 
1767 ,1.771 
1768 ,1.858 
1769 ,1.861 
1770 ,1.894 
1771 ,1.845 
1772 ,1.854 
1773 ,1.959 
1774 ,1.831 
1775 ,1.781 
1776 ,1.751 
1777 ,1.627 
1778 ,1.683 
1779 ,1.771 
1780 ,1.764 
1781 ,1.787 
1782 ,1.829 
1783 ,1.851 
1784 ,1.849 
1785 ,1.916 
1786 ,1.961 
1787 ,1.824 
1788 ,1.782 
1789 ,1.819 
1790 ,1.814 
1791 ,1.814 
1792 ,1.932 
1793 ,1.958 
1794 ,1.900 
1795 ,1.917 
1796 ,1.905 
1797 ,1.878 
1798 ,1.962 
1799 ,1.791 
1800 ,1.715 
1801 ,1.790 
1802 ,1.720 
1803 ,1.727 
1804 ,1.823 
1805 ,1.913 
1806 ,1.866 
1807 ,1.847 
1808 ,1.930 
1809 ,2.002 
1810 ,1.886 
1811 ,1.915 
1812 ,1.692 
1813 ,1.688 
1814 ,1.547 
1815 ,1.640 
1816 ,1.858 
1817 ,1.774 
1818 ,1.880 
1819 ,1.844 
1820 ,1.893 
1821 ,1.847 
1822 ,1.900 
1823 ,1.818 
1824 ,1.760 
1825 ,1.750 
1826 ,1.738 
1827 ,1.787 
1828 ,1.886 
1829 ,1.969 
1830 ,1.891 
1831 ,1.878 
1832 ,1.907 
1833 ,1.934 
1834 ,1.879 
1835 ,1.833 
1836 ,1.694 
1837 ,1.685 
1838 ,1.717 
1839 ,1.803 
1840 ,1.831 
1841 ,1.836 
1842 ,2.003 
1843 ,1.957 
1844 ,1.906 
1845 ,1.960 
1846 ,1.986 
1847 ,1.977 
1848 ,1.812 
1849 ,1.811 
1850 ,1.873 
1851 ,2.034 
1852 ,1.914 
1853 ,1.864 
1854 ,1.930 
1855 ,1.903 
1856 ,1.959 
1857 ,1.942 
1858 ,1.922 
1859 ,1.917 
1860 ,1.843 
1861 ,1.784 
1862 ,1.743 
1863 ,1.841 
1864 ,1.886 
1865 ,1.998 
1866 ,1.986 
1867 ,1.947 
1868 ,1.986 
1869 ,2.045 
1870 ,1.980 
1871 ,1.861 
1872 ,1.808 
1873 ,1.746 
1874 ,1.753 
1875 ,1.818 
1876 ,1.871 
1877 ,1.881 
1878 ,1.984 
1879 ,1.918 
1880 ,1.922 
1881 ,1.896 
1882 ,1.988 
1883 ,1.889 
1884 ,1.892 
1885 ,1.708 
1886 ,1.745 
1887 ,1.916 
1888 ,1.833 
1889 ,1.822 
1890 ,1.917 
1891 ,1.930 
1892 ,1.917 
1893 ,1.916 
1894 ,1.951 
1895 ,1.746 
1896 ,1.760 
1897 ,1.721 
1898 ,1.706 
1899 ,1.781 
1900 ,1.888 
1901 ,1.918 
1902 ,1.936 
1903 ,1.894 
1904 ,1.953 
1905 ,1.953 
1906 ,1.974 
1907 ,1.816 
1908 ,1.863 
1909 ,1.684 
1910 ,1.713 
1911 ,1.671 
1912 ,1.811 
1913 ,1.766 
1914 ,1.903 
1915 ,1.949 
1916 ,1.925 
1917 ,1.964 
1918 ,1.964 
1919 ,1.846 
1920 ,1.844 
1921 ,1.818 
1922 ,1.782 
1923 ,1.832 
1924 ,1.868 
1925 ,1.865 
1926 ,1.880 
1927 ,1.894 
1928 ,1.883 
1929 ,1.985 
1930 ,1.918 
1931 ,1.811 
1932 ,1.736 
1933 ,1.796 
1934 ,1.763 
1935 ,1.682 
1936 ,1.919 
1937 ,1.972 
1938 ,1.920 
1939 ,1.956 
1940 ,1.939 
1941 ,1.981 
1942 ,1.932 
1943 ,1.895 
1944 ,1.735 
1945 ,1.667 
1946 ,1.737 
1947 ,1.975 
1948 ,1.867 
1949 ,1.900 
1950 ,1.978 
1951 ,1.934 
1952 ,1.979 
1953 ,2.062 
1954 ,1.937 
1955 ,1.882 
1956 ,1.891 
1957 ,1.802 
1958 ,1.733 
1959 ,1.814 
1960 ,1.870 
1961 ,1.991 
1962 ,1.973 
1963 ,1.970 
1964 ,1.996 
1965 ,2.003 
1966 ,2.073 
1967 ,1.929 
1968 ,1.874 
1969 ,1.834 
1970 ,1.808 
1971 ,1.924 
1972 ,1.975 
1973 ,1.884 
1974 ,1.951 
1975 ,1.995 
1976 ,1.978 
1977 ,2.003 
1978 ,1.965 
1979 ,1.837 
1980 ,1.865 
1981 ,1.893 
1982 ,1.896 
1983 ,1.758 
1984 ,1.906 
