serial,address,lat,lon
V02Q1940059,서울특별시 강남구 일원동 688,37.48952988,127.0753463
V02Q1940293,서울특별시 강남구 개포동 1221-3,37.47640069,127.0484893
V02Q1940060,서울특별시 강남구 일원동 735-1,37.48339724,127.0862339
V02Q1940079,서울특별시 강남구 일원동 707,37.49410245,127.0822094
V02Q1940129,서울특별시 강남구 대치동 16-1,37.49765571,127.0743987
V02Q1940123,서울특별시 강남구 대치동 1028-1,37.49489912,127.0618427
V02Q1940246,서울특별시 강남구 대치동 27-14,37.49937086,127.0727253
V02Q1940094,서울특별시 강남구 세곡동 110-5,37.46682943,127.1088929
V02Q1940178,서울특별시 강남구 신사동 667-6,37.52105313,127.0194561
V02Q1940161,서울특별시 강남구 신사동 658-2,37.52634275,127.0374614
V02Q1940152,서울특별시 강남구 역삼동 695-14,37.50653959,127.0457279
V02Q1940175,서울특별시 강남구 청담동 139-15,37.52778814,127.0467992
V02Q1940149,서울특별시 강남구 도곡동 421-5,37.48506055,127.044068
V02Q1940145,서울특별시 강남구 논현동 22,37.51402419,127.0216812
V02Q1940313,서울특별시 강남구 수서동 745-4,37.48553586,127.0874273
V02Q1940309,서울특별시 강남구 역삼동 782-9,37.49373877,127.0423742
V02Q1940315,서울특별시 강남구 개포동 660-1,37.48391615,127.0575965
V02Q1940273,서울특별시 강남구 논현동 107-44,37.51751212,127.0371336
V02Q1940236,서울특별시 강남구 도곡동 893-9,37.4881537,127.0394136
V02Q1940080,서울특별시 강남구 삼성동 111-138,37.51310182,127.0458183
V02Q1940177,서울특별시 강남구 대치동 905,37.50227825,127.0539647
V02Q1940239,서울특별시 강남구 대치동 1027,37.49344719,127.0569613
V02Q1940098,서울특별시 강남구 수서동 727,37.48676489,127.1018579
V02Q1940192,서울특별시 강남구 청담동 77-43,37.52224273,127.0534516
V02Q1940724,서울특별시 강남구 역삼동 805-36,37.49732201,127.0513158
V02Q1940954,서울특별시 강남구 논현동 280,37.508671,127.0227914
V02Q1940953,서울특별시 강남구 개포동 186-19,37.48903041,127.0678834
V02Q1940164,서울특별시 강남구 개포동 186-19,37.48858687,127.0679878
V02Q1940100,서울특별시 강남구 일원동 3-16,37.49497896,127.0931442
V02Q1940082,서울특별시 강남구 일원동 700-8,37.49550759,127.0857485
V02Q1940224,서울특별시 강남구 역삼동 738,37.498641,127.0363378
V02Q1940102,서울특별시 강남구 일원동 739-2,37.48083459,127.0809688
V02Q1940789,서울특별시 강남구 삼성동 16-1,37.51755161,127.0479951
OC3CL200020,서울특별시 강남구 역삼동 814-6,37.50127401,127.0263768
OC3CL200021,서울특별시 강남구 신사동 581-6,37.52553243,127.0282295
OC3CL200022,서울특별시 강남구 대치동 889-45,37.50309199,127.0498755
OC3CL200023,서울특별시 강남구 대치동 890-57,37.50359652,127.0515922
OC3CL200015,서울특별시 강남구 신사동 532-12,37.52338411,127.0224148
OC3CL200024,서울특별시 강남구 신사동 541-17,37.51839242,127.0234226
OC3CL200156,서울특별시 강남구 논현동 66,37.51889789,127.0286532
OC3CL200170,서울특별시 강남구 논현동 130-9,37.51256716,127.0312446
OC3CL200157,서울특별시 강남구 수서동362-9,37.49238125,127.0945893
OC3CL200176,서울특별시 강남구 세곡동 120-7,37.46507552,127.1069185
OC3CL200016,서울특별시 강남구 신사동 657-37,37.52588867,127.0391258
OC3CL200135,서울특별시 강남구 대치동 78-28,37.50182482,127.0708615
OC3CL200140,서울특별시 강남구 일원동 246-13,37.47948708,127.0797096
OC3CL200141,서울특별시 강남구 수서동 720,37.4886613,127.1067158
V02Q1940421,서울특별시 강동구 강일동 693,37.5630601,127.1784268
V02Q1940352,서울특별시 강동구 상일동 123,37.55362615,127.168193
V02Q1940321,서울특별시 강동구 명일동 332,37.54946832,127.1463394
V02Q1940353,서울특별시 강동구 명일동 59,37.54651241,127.1525938
V02Q1940360,서울특별시 강동구 고덕동 691-4,37.5568473,127.151357
V02Q1940355,서울특별시 강동구 고덕동 235,37.56074258,127.1642891
V02Q1940482,서울특별시 강동구 암사동 543,37.55148976,127.1330982
V02Q1940408,서울특별시 강동구 암사동 138,37.55738865,127.1300576
V02Q1940437,서울특별시 강동구 암사동 413-2,37.55459762,127.1398279
V02Q1940376,서울특별시 강동구 천호동 221-24,37.54530451,127.136675
V02Q1940306,서울특별시 강동구 천호동 357-29,37.54244851,127.1257054
V02Q1940349,서울특별시 강동구 천호동 555-4,37.53976817,127.129658
V02Q1940507,서울특별시 강동구 성내동 582,37.53127747,127.1232713
V02Q1940430,서울특별시 강동구 성내동 40-21,37.5358158,127.1246859
V02Q1940417,서울특별시 강동구 성내동 450-25,37.52595923,127.1324933
V02Q1940478,서울특별시 강동구 길동 102,37.53956346,127.1459335
V02Q1940505,서울특별시 강동구 둔촌동 229-2,37.51723048,127.1438239
V02Q1940410,서울특별시 강동구 둔촌동 61-17,37.53321895,127.1417954
V02Q1940359,서울특별시 강동구 명일동 260-1,37.54651703,127.14731
V02Q1940350,서울특별시 강동구 고덕동 313-1,37.55481129,127.1501862
V02Q1940851,서울특별시 강동구 암사동 501-4,37.55039085,127.1282922
V02Q1940770,서울특별시 강동구 암사동 496-25,37.5498763,127.1294778
V02Q1940142,서울특별시 강동구 암사동 548,37.55054502,127.1278725
V02Q1940372,서울특별시 강동구 암사동 508,37.55406687,127.1278126
V02Q1940271,서울특별시 강동구 강일동 693,37.56477838,127.1780401
V02Q1940434,서울특별시 강동구 둔촌동 29-16,37.53219906,127.1480905
V02Q1940831,서울특별시 강동구 암사동 81-1,37.56700001,127.1368127
V02Q1940798,서울특별시 강동구 천호동 76-2,37.54503786,127.136812
OC3CL200090,서울특별시 강동구 둔촌동 517-4,37.52871449,127.1373889
OC3CL200091,서울특별시 강동구 상일동 283-6,37.54855912,127.170907
OC3CL200092,서울특별시 강동구 암사동 265-7,37.55888187,127.1356067
OC3CL200093,서울특별시 강동구 천호동 528-1,37.53821966,127.134581
OC3CL200094,서울특별시 강동구 강일동 348-1,37.56913389,127.1787659
OC3CL200080,서울특별시 강동구 고덕동 317-1,37.5566477,127.1448705
OC3CL200095,서울특별시 강동구 길동 141-5,37.53662302,127.1464696
OC3CL200097,서울특별시 강동구 길동 338-9,37.5423736,127.1437411
OC3CL200098,서울특별시 강동구 상일동 166,37.54961964,127.1579314
OC3CL200099,서울특별시 강동구 성내동 519-12,37.53062449,127.1284073
OC3CL200101,서울특별시 강동구 천호동 1-2,37.55048669,127.1395816
OC3CL200102,서울특별시 강동구 천호동 290-39,37.54742334,127.1312276
OC3CL200103,서울특별시 강동구 길동 157-10,37.54049414,127.1482071
OC3CL200105,서울특별시 강동구 상일동 325-1,37.54771228,127.1726824
OC3CL200106,서울특별시 강동구 성내동 500,37.53312245,127.1323931
OC3CL200107,서울특별시 강동구 천호동 233-48,37.54825641,127.1368244
OC3CL200081,서울특별시 강동구 천호동 361,37.54514714,127.1275513
OC3CL200108,서울특별시 강동구 고덕동 289-4,37.56062598,127.157431
OC3CL200060,서울특별시 강동구 둔촌동 산 28-1,37.52221023,127.1455199
OC3CL200083,서울특별시 강동구 둔촌동 599,37.53182933,127.1496707
OC3CL200117,서울특별시 강동구 상일동 507,37.55087372,127.1775763
OC3CL200110,서울특별시 강동구 암사동 458,37.55465728,127.1328591
OC3CL200084,서울특별시 강동구 천호동 326-18,37.54588985,127.12371
OC3CL200114,서울특별시 강동구 천호동 316-4,37.54799097,127.1261418
OC3CL200062,서울특별시 강동구 천호동 463-38,37.5419464,127.1215875
OC3CL200017,서울특별시 강동구 성내동 448-8,37.52411075,127.1286688
OC3CL200072,서울특별시 강동구 암사동 139-2,37.55967518,127.1312918
OC3CL200074,서울특별시 강동구 천호동 42,37.54626753,127.1430179
OC3CL200070,서울특별시 강동구 성내동 459-6,37.5272027,127.121662
OC3CL200205,서울특별시 강동구 성내동 19-1,37.53677728,127.1287361
OC3CL200171,서울특별시 강동구 양재대로 1716,37.55869892,127.1443342
OC3CL200131,서울특별시 강동구 강일동 601-1,37.56320788,127.1723485
OC3CL200123,서울특별시 강동구 성내동 449-15,37.52195425,127.133721
OC3CL200071,서울특별시 강동구 고덕동 197-4,37.55941343,127.1708168
OC3CL200158,서울특별시 강동구 둔촌동 180-2,37.51939359,127.1393182
V02Q1940330,서울특별시 강북구 미아동 791-985,37.62778821,127.0193507
V02Q1940160,서울특별시 강북구 수유동 279-306,37.64791875,127.0124561
V02Q1940314,서울특별시 강북구 미아동 679-12,37.61856124,127.0228038
V02Q1940207,서울특별시 강북구 미아동 1353,37.61707714,127.0152725
V02Q1940431,서울특별시 강북구 번동 454-116,37.63638945,127.0339636
V02Q1940394,서울특별시 강북구 번동 253,37.63213319,127.0380993
V02Q1940414,서울특별시 강북구 번동 241,37.62596558,127.0461778
V02Q1940386,서울특별시 강북구 미아동 87-115,37.61589809,127.0341603
V02Q1940429,서울특별시 강북구 수유동 553-61,37.64201094,127.0110328
V02Q1940378,서울특별시 강북구 수유동 472-564,37.63115555,127.016796
V02Q1940300,서울특별시 강북구 수유동 605-207,37.64378512,127.0194517
V02Q1940409,서울특별시 강북구 수유동 142,37.63809491,127.0237698
V02Q1940137,서울특별시 강북구 미아동 195-1,37.62731949,127.0271506
V02Q1940107,서울특별시 강북구 미아동 1354-15,37.62077412,127.0123532
V02Q1940340,서울특별시 강북구 미아동 229-22,37.6255552,127.027215
V02Q1940253,서울특별시 강북구 우이동 80,37.65390832,127.0112019
V02Q1940949,서울특별시 강북구 수유동 55-7,37.6303757,127.0226279
V02Q1940746,서울특별시 강북구 수유동 55-7,37.6321897,127.021742
V02Q1940448,서울특별시 강북구 수유동 54-5,37.63075938,127.0235503
V02Q1940477,서울특별시 강북구 우이동 165-22,37.6620208,127.0110858
V02Q1940823,서울특별시 강북구 수유동 605-613,37.63506161,127.0181629
V02Q1940763,서울특별시 강북구 번동 148-383,37.62659207,127.0346233
OC3CL200134,서울특별시 강북구 번동 417-58,37.63736615,127.0291526
OC3CL200066,서울특별시 강북구 미아동 754-63,37.62300566,127.0218915
OC3CL200133,서울특별시 강북구 미아동 61-17,37.6146516,127.028974
OC3CL200132,서울특별시 강북구 수유동 535-228,37.64400709,127.0039409
OC3CL200130,서울특별시 강북구 미아동 791-1549,37.62523296,127.0138596
OC3CL200129,서울특별시 강북구 번동 248,37.62331968,127.0460579
OC3CL200136,서울특별시 강북구 수유동 719-2,37.6471793,127.0246187
OC3CL200104,서울특별시 강북구 수유동 32-2,37.64061679,127.021637
OC3CL200100,서울특별시 강북구 번동 95-7,37.61999399,127.0437864
V02Q1940114,서울특별시 강서구 가양동 146-32,37.56929679,126.8427325
V02Q1940066,서울특별시 강서구 가양동 36-3,37.56721931,126.8475165
V02Q1940130,서울특별시 강서구 가양동 1484,37.56124878,126.8596643
V02Q1940163,서울특별시 강서구 공항동 60-10,37.55938828,126.8098556
V02Q1940104,서울특별시 강서구 등촌동 653-8,37.55515562,126.858558
V02Q1940180,서울특별시 강서구 등촌동 산 89-3,37.53803771,126.8628336
V02Q1940166,서울특별시 강서구 등촌동 659,37.55785223,126.849018
V02Q1940124,서울특별시 강서구 내발산동 686-4,37.55338226,126.8325758
V02Q1940105,서울특별시 강서구 방화동 281-20,37.57287575,126.8151904
V02Q1940125,서울특별시 강서구 방화동 620-32,37.56267922,126.8086245
V02Q1940126,서울특별시 강서구 방화동 318-2,37.57836214,126.8159088
V02Q1940069,서울특별시 강서구 염창동 276-9,37.54980487,126.8702252
V02Q1940062,서울특별시 강서구 화곡동 산 60-1,37.54882399,126.8434758
V02Q1940179,서울특별시 강서구 화곡동 46-156,37.54386703,126.8476199
V02Q1940162,서울특별시 강서구 화곡동 355-48,37.53059931,126.8405692
V02Q1940182,서울특별시 강서구 화곡동 851-20,37.53237894,126.8553371
V02Q1940167,서울특별시 강서구 화곡동 1089-17,37.54481973,126.8358435
V02Q1940173,서울특별시 강서구 화곡동 943-7,37.53400973,126.8610668
V02Q1940187,서울특별시 강서구 화곡동 1117,37.55295757,126.85136
V02Q1940113,서울특별시 강서구 염창동 208-2,37.55450397,126.8741754
V02Q1940078,서울특별시 강서구 화곡동 1064,37.54254621,126.8403227
V02Q1940189,서울특별시 강서구 화곡동 산 41-7,37.54175046,126.8515917
V02Q1940346,서울특별시 강서구 화곡동 361-1,37.53438349,126.8379965
V02Q1940853,서울특별시 강서구 화곡동 668-10,37.53521949,126.8398536
V02Q1940093,서울특별시 강서구 방화동 134-20,37.57784085,126.818892
V02Q1940103,서울특별시 강서구 방화동 산 103-2,37.57904271,126.8184922
V02Q1940181,서울특별시 강서구 화곡동 947-4,37.52757708,126.843082
V02Q1940072,서울특별시 강서구 화곡동 999-6,37.55183644,126.8458607
V02Q1940824,서울특별시 강서구 방화동 17-4,37.58481256,126.8215868
V02Q1940782,서울특별시 강서구 화곡동 1019,37.54467828,126.8351042
OC3CL200177,서울특별시 강서구 개화동 246-16,37.58870084,126.802494
OC3CL200082,서울특별시 강서구 개화동 418-194,37.58013454,126.7999832
OC3CL200178,서울특별시 강서구 마곡동 731-199,37.56759287,126.8189344
OC3CL200179,서울특별시 강서구 마곡동 749-4,37.55712905,126.8225904
OC3CL200180,서울특별시 강서구 마곡동 770-7,37.56421468,126.833869
OC3CL200181,서울특별시 강서구 가양2동 1481,37.56474481,126.8534306
OC3CL200182,서울특별시 강서구 염창동 240-52,37.55734709,126.8659034
OC3CL200183,서울특별시 강서구 염창동 53-1,37.55351048,126.8711211
OC3CL200067,서울특별시 강서구 등촌동 366-70,37.54803257,126.8606334
OC3CL200184,서울특별시 강서구 등촌동 522-1,37.54736269,126.8613494
OC3CL200087,서울특별시 강서구 마곡동 728-356,37.55546881,126.8266133
OC3CL200185,서울특별시 강서구 염창동 263(105동),37.54866094,126.8740316
OC3CL200045,서울특별시 강서구 방화동 830-9,37.57782669,126.8133372
OC3CL200025,서울특별시 강서구 마곡동 727-709,37.56003441,126.8258759
OC3CL200026,서울특별시 강서구 마곡동 367-11,37.56668094,126.8261217
OC3CL200027,서울특별시 강서구 마곡동 727-1214,37.55904218,126.8360833
OC3CL200046,서울특별시 강서구 등촌3동 78-7,37.56053576,126.8547068
OC3CL200186,서울특별시 강서구 마곡동 9,37.57245123,126.8371703
OC3CL200172,서울특별시 강서구 화곡동 340-54,37.53273493,126.8463106
OC3CL200187,서울특별시 강서구 방화동 278-31,37.57318498,126.8164742
OC3CL200188,서울특별시 강서구 방화동 247-21,37.56735274,126.816375
V02Q1940425,서울특별시 관악구 신림동 1468-1,37.486421,126.9330533
V02Q1940561,서울특별시 관악구 신림동 505,37.48519319,126.918737
V02Q1940440,서울특별시 관악구 신림동 1602-3,37.48169168,126.927561
V02Q1940538,서울특별시 관악구 봉천동 975-24,37.48627768,126.936066
V02Q1940674,서울특별시 관악구 봉천동 1636-2,37.47480843,126.9652601
V02Q1940533,서울특별시 관악구 신림동 562,37.48305759,126.9079688
V02Q1940262,서울특별시 관악구 봉천동 872-23,37.48342803,126.9494608
V02Q1940452,서울특별시 관악구 봉천동 1560-63,37.47889253,126.9444627
V02Q1940272,서울특별시 관악구 봉천동 1693-56,37.47883954,126.9612446
V02Q1940458,서울특별시 관악구 봉천동 산 56-3,37.47642155,126.9577757
V02Q1940532,서울특별시 관악구 신림동 646-449,37.47072788,126.9217951
V02Q1940683,서울특별시 관악구 신림동 1736-12,37.46211823,126.9191588
V02Q1940663,서울특별시 관악구 남현동 1086-1,37.47474727,126.9777859
V02Q1940552,서울특별시 관악구 신림동 808-169,37.47639433,126.9156696
V02Q1940444,서울특별시 관악구 봉천동 661-38,37.4886003,126.9326409
V02Q1940557,서울특별시 관악구 신림동 808-502,37.46927712,126.9316363
V02Q1940512,서울특별시 관악구 신림동 408-35,37.47556168,126.9348911
V02Q1940445,서울특별시 관악구 신림동 90-67,37.48039207,126.9323552
V02Q1940657,서울특별시 관악구 봉천동 823,37.48976067,126.9478324
V02Q1940465,서울특별시 관악구 신림동 244-17,37.46851957,126.9400472
V02Q1940468,서울특별시 관악구 봉천동 1706,37.48432967,126.9594576
V02Q1940446,서울특별시 관악구 봉천동 980-1,37.48043211,126.9532678
V02Q1940260,서울특별시 관악구 신림동 251-241,37.46485258,126.9398992
V02Q1940517,서울특별시 관악구 신원로 3다길 1,37.48248622,126.9264971
V02Q1940658,서울특별시 관악구 신림동 1586-1,37.48355726,126.9256695
V02Q1940457,서울특별시 관악구 신림동 산 156-9,37.47319485,126.931912
V02Q1940462,서울특별시 관악구 신림동 1469-7,37.48937978,126.9223696
V02Q1940548,서울특별시 관악구 봉천동 산 146-28,37.49124583,126.930777
V02Q1940493,서울특별시 관악구 봉천동 622-1,37.48706543,126.9420381
V02Q1940694,서울특별시 관악구 봉천동 981-9,37.48024081,126.9427081
V02Q1940558,서울특별시 관악구 봉천동 981-4,37.47970435,126.9474737
V02Q1940547,서울특별시 관악구 봉천동 1693-42,37.47779149,126.9552974
V02Q1940672,서울특별시 관악구 신림동 1469-4,37.48797466,126.9258106
V02Q1940549,서울특별시 관악구 신림동 598-8,37.47563756,126.9221587
V02Q1940704,서울특별시 관악구 신림동 676-30,37.4632734,126.9180757
V02Q1940689,서울특별시 관악구 봉천동 981-13,37.48334526,126.9377988
V02Q1940671,서울특별시 관악구 신림동 1714,37.46377035,126.9256905
V02Q1940725,서울특별시 관악구 신림동 1676-17,37.47982135,126.9023653
V02Q1940678,서울특별시 관악구 봉천동 979-7,37.48258121,126.942046
V02Q1940681,서울특별시 관악구 남현동 1071-41,37.47559625,126.9735982
V02Q1940669,서울특별시 관악구 남현동 1060-1,37.4764274,126.9801351
V02Q1940537,서울특별시 관악구 봉천동 1693-29,37.47564681,126.952494
V02Q1940633,서울특별시 관악구 신림동 237-30,37.47051139,126.9409596
V02Q1940589,서울특별시 관악구 신림동 408-2,37.47647508,126.9364676
V02Q1940680,서울특별시 관악구 봉천동 970-21,37.48932572,126.928863
V02Q1940667,서울특별시 관악구 봉천동 728-1,37.49265835,126.9269739
V02Q1940703,서울특별시 관악구 신림동 1475-55,37.48063434,126.9145819
V02Q1940701,서울특별시 관악구 신림동 808-173,37.47373839,126.9176609
V02Q1940676,서울특별시 관악구 신림동 산 102-9,37.4588853,126.9225194
V02Q1940682,서울특별시 관악구 신림동 산 87-17,37.46188726,126.9244554
V02Q1940269,서울특별시 관악구 신림동 1513-7,37.47174062,126.9331557
V02Q1940645,서울특별시 관악구 신림동 320,37.46153901,126.9302475
V02Q1940550,서울특별시 관악구 봉천동 458-42,37.48634806,126.9514941
V02Q1940673,서울특별시 관악구 신림동 495,37.4879962,126.9182374
V02Q1940677,서울특별시 관악구 신림동 1648-3,37.48458746,126.9070348
V02Q1940510,서울특별시 관악구 봉천동 1718-10,37.49267131,126.9452685
V02Q1940555,서울특별시 관악구 봉천동 738-360,37.48547764,126.9474934
V02Q1940660,서울특별시 관악구 신림동 1469-9,37.48712943,126.923453
V02Q1940666,서울특별시 관악구 봉천동 178-178,37.47047152,126.9679543
V02Q1940685,서울특별시 관악구 신림동 808-266,37.47839602,126.9162619
V02Q1940652,서울특별시 관악구 신림동 1675-8,37.48370843,126.9025203
V02Q1940591,서울특별시 관악구 봉천동 1573-12,37.47891044,126.9492525
V02Q1940560,서울특별시 동작구 상도동 124,37.49247703,126.9563107
V02Q1940675,서울특별시 관악구 봉천동 1693-13,37.47827679,126.9395729
V02Q1940692,서울특별시 관악구 봉천동 635-383,37.49049222,126.9414301
V02Q1940662,서울특별시 관악구 봉천동 850-3,37.47572644,126.9425353
V02Q1940691,서울특별시 관악구 신림동 1698,37.46625325,126.9307404
V02Q1940884,서울특별시 관악구 신림동 1439-3,37.48739741,126.9271244
V02Q1941000,서울특별시 관악구 신림동길 14,37.4871672,126.9259298
OC3CL200189,서울특별시 관악구 신림동 1627-11,37.47906596,126.9265235
OC3CL200173,서울특별시 관악구 조원동 537-33,37.48248677,126.9141546
OC3CL200028,서울특별시 관악구 봉천동 1603-4,37.47915422,126.9537097
V02Q1940202,서울특별시 광진구 중곡동 665,37.56011938,127.0795379
V02Q1940280,서울특별시 광진구 중곡동 265-8,37.56197559,127.0850326
V02Q1940200,서울특별시 광진구 중곡동 695,37.56850197,127.0801045
V02Q1940209,서울특별시 광진구 중곡동 452-1,37.55902487,127.0901207
V02Q1940305,서울특별시 광진구 능동 156-2,37.55314962,127.0805438
V02Q1940327,서울특별시 광진구 구의동 237-10,37.54225653,127.0851136
V02Q1940294,서울특별시 광진구 구의동 113,37.54816059,127.0896827
V02Q1940392,서울특별시 광진구 구의동 217-16,37.53828664,127.0923968
V02Q1940371,서울특별시 광진구 광장동 248-23,37.54667759,127.1034537
V02Q1940403,서울특별시 광진구 자양동 630,37.53430907,127.0819856
V02Q1940391,서울특별시 광진구 자양동 668,37.5286168,127.0851212
V02Q1940393,서울특별시 광진구 자양동 520-2,37.53348826,127.0730061
V02Q1940383,서울특별시 광진구 자양동 831-1,37.53328566,127.0656475
V02Q1940204,서울특별시 광진구 화양동 111-140,37.54669635,127.0720365
V02Q1940134,서울특별시 광진구 군자동 55-1,37.55579789,127.0758197
V02Q1940387,서울특별시 광진구 화양동 4-20,37.54005404,127.0709793
V02Q1940416,서울특별시 광진구 구의동 617-45,37.54776822,127.0863736
V02Q1940888,서울특별시 광진구 중곡동 265-5,37.56307353,127.0819947
V02Q1940506,서울특별시 광진구 구의동 546-11,37.53508967,127.0932207
V02Q1940815,서울특별시 광진구 자양동 427-28,37.52999155,127.0710049
V02Q1940812,서울특별시 광진구 광장동 556,37.54983788,127.1104882
V02Q1940779,서울특별시 광진구 구의동 164,37.54495873,127.0943048
OC3CL200012,서울특별시 광진구 화양동 34-75,37.54400194,127.0697313
OC3CL200029,서울특별시 광진구 구의동 246-8,37.53768025,127.0852125
OC3CL200190,서울특별시 광진구 광장동 328-2,37.54768518,127.106921
OC3CL200142,서울특별시 광진구 중곡동 485-7,37.56718217,127.0771395
OC3CL200143,서울특별시 광진구 중곡동 72-59,37.56233608,127.0960647
V02Q1940046,서울특별시 구로구 수궁동 212-15,37.49440262,126.8314721
V02Q1940111,서울특별시 구로구 신도림동 292-212,37.50929949,126.8783801
V02Q1940165,서울특별시 구로구 오류동 38-29,37.49689198,126.8437271
V02Q1940056,서울특별시 구로구 오류동 182-22,37.48743033,126.8385274
V02Q1940047,서울특별시 구로구 가리봉동 132-53,37.48214478,126.8893389
V02Q1940050,서울특별시 구로구 개봉동 139-54,37.49954171,126.8507733
V02Q1940054,서울특별시 구로구 개봉동 328-23,37.49049118,126.8553777
V02Q1940051,서울특별시 구로구 개봉동 375-4,37.48455732,126.8537096
V02Q1940086,서울특별시 구로구 고척동 73-3,37.49775403,126.8633107
V02Q1940065,서울특별시 구로구 고척동 283-2,37.50568303,126.8586102
V02Q1940045,서울특별시 구로구 구로동 1259,37.48958795,126.8764395
V02Q1940043,서울특별시 구로구 구로동 704-13,37.49002864,126.8835537
V02Q1940052,서울특별시 구로구 구로동 777-34,37.48718079,126.8896263
V02Q1940055,서울특별시 구로구 구로동 50-9,37.50111379,126.8923967
V02Q1940073,서울특별시 구로구 구로동 426-83,37.49382607,126.8840768
V02Q1940070,서울특별시 구로구 항동 1-10,37.48683268,126.8237121
V02Q1940136,서울특별시 구로구 구로동 733-28,37.48946749,126.8848394
V02Q1940862,서울특별시 구로구 구로동 742-80,37.48887854,126.8851157
V02Q1940140,서울특별시 구로구 고척동 291-1,37.50248471,126.8510405
V02Q1940515,서울특별시 구로구 고척동 291-1,37.50174862,126.8507697
V02Q1940057,서울특별시 구로구 개봉동 416-2,37.50526429,126.8451274
V02Q1940061,서울특별시 구로구 구로동 614-3,37.50527996,126.8746217
V02Q1940090,서울특별시 구로구 온수동 53-11,37.49167186,126.8231311
V02Q1940751,서울특별시 구로구 구로동 105-1,37.4984887,126.8895025
OC3CL200191,서울특별시 구로구 수궁동 온수동67-15,37.49402783,126.8182427
OC3CL200159,서울특별시 구로구 오류동 산42-40,37.48581097,126.830672
OC3CL200192,서울특별시 구로구 천왕동 278-2,37.48329114,126.8414001
OC3CL200193,서울특별시 구로구 구로동 810-2,37.48482285,126.9014312
V02Q1940428,서울특별시 금천구 가산동 152-28,37.47580636,126.8929078
V02Q1940474,서울특별시 금천구 독산동 330-7,37.46879478,126.8937982
V02Q1940483,서울특별시 금천구 독산동 378-451,37.46309492,126.9039678
V02Q1940369,서울특별시 금천구 독산동 980-44,37.47432254,126.9024197
V02Q1940484,서울특별시 금천구 독산동 1020-21,37.46802677,126.9021912
V02Q1940702,서울특별시 금천구 시흥동 1000-82,37.45335154,126.904031
V02Q1940699,서울특별시 금천구 시흥동 270-7,37.44999331,126.9129044
V02Q1940730,서울특별시 금천구 시흥동 655-11,37.43993479,126.9071726
V02Q1940777,서울특별시 금천구 시흥동 812-38,37.45887058,126.9059122
V02Q1940641,서울특별시 금천구 시흥동 산 77-9,37.44671934,126.9102337
V02Q1940407,서울특별시 금천구 독산동 1150,37.45844386,126.8950891
V02Q1940486,서울특별시 금천구 독산동 1002-5,37.46670274,126.890697
V02Q1940479,서울특별시 금천구 독산4동 산 193-3,37.46764732,126.9074964
V02Q1940374,서울특별시 금천구 독산동 1080-4,37.46431817,126.8972355
V02Q1940693,서울특별시 금천구 시흥동 1000-35,37.45606838,126.9003178
V02Q1940690,서울특별시 금천구 시흥동 1001-5,37.44551467,126.9041242
V02Q1940247,서울특별시 금천구 독산도서관,37.46756391,126.9081023
V02Q1940656,서울특별시 금천구 가산동 가산로5길 43,37.47351068,126.8921347
V02Q1940948,서울특별시 금천구 독산4동 371-2,37.47007655,126.907223
V02Q1940495,서울특별시 금천구 독산동 870-2,37.46145538,126.8900188
V02Q1940405,서울특별시 금천구 독산동 330-40,37.46857802,126.8925761
V02Q1940880,서울특별시 금천구 시흥동 832-14,37.45237475,126.908304
OC3CL200057,서울특별시 금천구 가산동 239-26,37.47468281,126.8874063
V02Q1940266,서울특별시 노원구 공릉동 499-1,37.62510077,127.0734884
V02Q1940299,서울특별시 노원구 공릉동 87-4,37.62112754,127.083296
V02Q1940281,서울특별시 노원구 상계동 666-3,37.66109165,127.0590435
V02Q1940275,서울특별시 노원구 상계동 1254-1,37.68242403,127.0526781
V02Q1940234,서울특별시 노원구 상계동 389-635,37.65816471,127.0684542
V02Q1940128,서울특별시 노원구 상계동 56-3,37.67410962,127.0818401
V02Q1940146,서울특별시 노원구 상계동 159-4,37.66254305,127.0693112
V02Q1940216,서울특별시 노원구 상계동 748,37.65197881,127.0640439
V02Q1940075,서울특별시 노원구 상계동 660,37.66738408,127.0534565
V02Q1940238,서울특별시 노원구 상계동 689-1,37.66475398,127.0633657
V02Q1940290,서울특별시 노원구 월계동 429-32,37.62054243,127.0624632
V02Q1940155,서울특별시 노원구 월계동 777-1,37.63240065,127.0509471
V02Q1940291,서울특별시 노원구 월계동 3-3,37.62131475,127.0695087
V02Q1940267,서울특별시 노원구 중계동 366,37.65264925,127.0782396
V02Q1940154,서울특별시 노원구 중계동 510-5,37.64215881,127.0698698
V02Q1940210,서울특별시 노원구 중계동 129-6,37.66088375,127.0788592
V02Q1940183,서울특별시 노원구 중계동 87-1,37.64774288,127.0811226
V02Q1940132,서울특별시 노원구 하계동 251-6,37.64010401,127.0729861
V02Q1940215,서울특별시 노원구 공릉동 420-13,37.6269977,127.0791231
V02Q1940226,서울특별시 노원구 월계동 47-33,37.61544877,127.0646091
V02Q1940298,서울특별시 노원구 상계동 산 62-7,37.67452443,127.0615699
V02Q1940885,서울특별시 노원구 상계동 1318-1,37.65989698,127.0685417
V02Q1940950,서울특별시 노원구 공릉동 552-4,37.62280993,127.0749633
V02Q1940076,서울특별시 노원구 공릉동 587-8,37.62202353,127.0774806
V02Q1940150,서울특별시 노원구 상계동 770-2,37.6441667,127.0606867
V02Q1940257,서울특별시 노원구 중계동 504-2,37.6395639,127.0605673
V02Q1940245,서울특별시 노원구 상계동 1054-4,37.6737242,127.0505972
V02Q1940153,서울특별시 노원구 상계동 산 44-114,37.67980645,127.0630595
V02Q1940151,서울특별시 노원구 상계동 1146-11,37.67916022,127.0520828
V02Q1940755,서울특별시 노원구 상계동 389-483,37.65885611,127.0685008
OC3CL200206,서울특별시 노원구 중계동 425-8,37.65341035,127.0737034
OC3CL200160,서울특별시 노원구 상계동 730,37.65334887,127.0606327
OC3CL200213,서울특별시 노원구 상계동 1171-2,37.68427838,127.0552843
OC3CL200144,서울특별시 노원구 월계동 472-49,37.61649398,127.059657
V02Q1940329,서울특별시 도봉구 도봉동 638-9,37.68050607,127.0445926
V02Q1940264,서울특별시 도봉구 도봉동 637-90,37.67118144,127.0451551
V02Q1940334,서울특별시 도봉구 방학동 685-69,37.66563906,127.0400687
V02Q1940203,서울특별시 도봉구 방학동 606-5,37.66932206,127.0323156
V02Q1940338,서울특별시 도봉구 방학동 565-12,37.66090623,127.0234002
V02Q1940320,서울특별시 도봉구 쌍문동 419-6,37.64976759,127.0198914
V02Q1940205,서울특별시 도봉구 쌍문동 29-3,37.65946582,127.0379952
V02Q1940342,서울특별시 도봉구 쌍문동 315-361,37.64807136,127.0290801
V02Q1940324,서울특별시 도봉구 쌍문동 137-114,37.65153612,127.0306318
V02Q1940323,서울특별시 도봉구 창동 347,37.64925173,127.0461124
V02Q1940265,서울특별시 도봉구 덕릉로53길 54,37.6395677,127.0350186
V02Q1940242,서울특별시 도봉구 덕릉로 62길 60,37.63944037,127.0425843
V02Q1940404,서울특별시 도봉구 창동 17,37.65320724,127.0523294
V02Q1940091,서울특별시 도봉구 창동 274-13,37.656045,127.0437189
V02Q1940331,서울특별시 도봉구 쌍문동 143-52,37.65050658,127.0334227
V02Q1940345,서울특별시 도봉구 창동 660-7,37.64917094,127.0352845
V02Q1940303,서울특별시 도봉구 도봉동 39-3,37.68923181,127.0467349
V02Q1940846,서울특별시 도봉구 창동 542-1,37.63739638,127.0390037
V02Q1940135,서울특별시 도봉구 도봉동 353-29,37.69099122,127.0423735
V02Q1940325,서울특별시 도봉구 도봉동 287-15,37.68923847,127.0418795
V02Q1940665,서울특별시 도봉구 창동 445-22,37.64068341,127.0354904
V02Q1940889,서울특별시 도봉구 창동 585-13,37.63994636,127.0360107
V02Q1940783,서울특별시 도봉구 창동 445-10,37.6396453,127.0380532
V02Q1940752,서울특별시 도봉구 쌍문동 산 80-1,37.65416617,127.0292282
OC3CL200128,서울특별시 도봉구 도봉동 599-41,37.67501401,127.0426672
OC3CL200125,서울특별시 도봉구 방학동 722-2,37.66369367,127.0486212
OC3CL200124,서울특별시 도봉구 쌍문동 81-100,37.65373165,127.0335584
OC3CL200063,서울특별시 도봉구 방학동 264-44,37.66113377,127.0363947
OC3CL200088,서울특별시 도봉구 쌍문동 220,37.66028451,127.0335996
OC3CL200122,서울특별시 도봉구 쌍문동 720-1,37.65714093,127.0284523
OC3CL200089,서울특별시 도봉구 쌍문동 산 240-5,37.65204049,127.0270449
OC3CL200121,서울특별시 도봉구 창동442-2,37.64292463,127.0410278
OC3CL200137,서울특별시 도봉구 창동 743-2,37.66079952,127.0507561
OC3CL200030,서울특별시 도봉구 창동 57-11,37.64583144,127.05039
OC3CL200048,서울특별시 도봉구 창동 134-22,37.6535602,127.0462197
OC3CL200049,서울특별시 도봉구 창동 788-1,37.64258575,127.052532
OC3CL200050,서울특별시 도봉구 방학동 724-16,37.66184473,127.0477197
OC3CL200051,서울특별시 도봉구 쌍문동 88-144,37.64934955,127.0348639
OC3CL200161,서울특별시 도봉구 도봉동 299,37.68886228,127.0454035
OC3CL200052,서울특별시 도봉구 방학동 726-74,37.66621365,127.0464686
OC3CL200053,서울특별시 도봉구 창동 181-52,37.65690709,127.0463949
OC3CL200145,서울특별시 도봉구 창동 516-4,37.63330095,127.0393869
V02Q1940084,서울특별시 동대문구 전농동 산 32-20,37.57837517,127.0624354
V02Q1940118,서울특별시 동대문구 제기동 190-14,37.58238909,127.0314924
V02Q1940122,서울특별시 동대문구 청량리동 49-1,37.58571599,127.0479117
V02Q1940089,서울특별시 동대문구 회기동 3-2,37.59192024,127.0546253
V02Q1940099,서울특별시 동대문구 휘경동 183-432,37.5905138,127.0569302
V02Q1940109,서울특별시 동대문구 휘경동 368-2,37.59078005,127.0671123
V02Q1940049,서울특별시 동대문구 용두동 792-6,37.57668991,127.0362773
V02Q1940115,서울특별시 동대문구 이문동 354-18,37.59804281,127.0655573
V02Q1940108,서울특별시 동대문구 이문동 357,37.60344403,127.0655316
V02Q1940085,서울특별시 동대문구 장안동 478-11,37.56833563,127.0658885
V02Q1940106,서울특별시 동대문구 전농동 679,37.57758084,127.0471936
V02Q1940081,서울특별시 동대문구 답십리동 1004-10,37.57132426,127.0510025
V02Q1940092,서울특별시 동대문구 답십리동 807,37.57114055,127.0645218
V02Q1940119,서울특별시 동대문구 장안동 338-1,37.57014257,127.072957
V02Q1940120,서울특별시 동대문구 장안동 284-5,37.57946643,127.0724464
V02Q1940097,서울특별시 동대문구 휘경동 43-179,37.58522784,127.0655327
V02Q1940058,서울특별시 동대문구 전농동 688-8,37.57977525,127.0620252
V02Q1940101,서울특별시 동대문구 용두동 129-3,37.57335724,127.0325399
V02Q1940096,서울특별시 동대문구 장안동 413-3,37.56298757,127.0595872
V02Q1940116,서울특별시 동대문구 신설동 92-34,37.57554443,127.023874
V02Q1940785,서울특별시 동대문구 용두동 237-1,37.57614571,127.0288362
OC3CL200195,서울특별시 동대문구 이문동 353,37.60487617,127.0708027
OC3CL200196,서울특별시 동대문구 청량리동 203-167,37.58753193,127.0425772
OC3CL200197,서울특별시 동대문구 청량리동 283,37.5810902,127.0450743
V02Q1940278,서울특별시 동작구 노량진동 84-102,37.5124009,126.9425468
V02Q1940318,서울특별시 동작구 노량진동 302-45,37.50809775,126.9375878
V02Q1940295,서울특별시 동작구 대방동 501,37.50871275,126.9251675
V02Q1940194,서울특별시 동작구 사당동 1092,37.48280186,126.9795311
V02Q1940297,서울특별시 동작구 사당동 산 10-5,37.49295621,126.9757603
V02Q1940289,서울특별시 동작구 사당동 1134,37.48749956,126.9682384
V02Q1940382,서울특별시 동작구 사당동 278-31,37.48206626,126.969679
V02Q1940397,서울특별시 동작구 사당동 산 32-92,37.48773341,126.9646505
V02Q1940304,서울특별시 동작구 상도1동 486,37.50407253,126.9518255
V02Q1940316,서울특별시 동작구 상도동 178-6,37.50479368,126.9407833
V02Q1940420,서울특별시 동작구 상도동 315-37,37.49921389,126.9312596
V02Q1940319,서울특별시 동작구 상도동 188-42,37.50119264,126.9369607
V02Q1940432,서울특별시 동작구 신대방동 701-7,37.48657654,126.9100534
V02Q1940389,서울특별시 동작구 신대방동 378-10,37.49774248,126.9238296
V02Q1940356,서울특별시 동작구 흑석동 264-27,37.50454947,126.9674184
V02Q1940357,서울특별시 동작구 흑석동 86-201,37.50376595,126.9609584
V02Q1940375,서울특별시 동작구 신대방동 395-73,37.49171276,126.9248262
V02Q1940384,서울특별시 동작구 사당동 산 24-17,37.48591285,126.975187
V02Q1940947,서울특별시 동작구 상도동 518-7,37.4990258,126.9520123
V02Q1940747,서울특별시 동작구 상도동 518-7,37.499726,126.9513962
V02Q1940952,서울특별시 동작구 사당동 708-646,37.48870857,126.9786333
V02Q1940301,서울특별시 동작구 사당동 91-11,37.48911821,126.9805704
V02Q1940296,서울특별시 동작구 대방동 341-1,37.51196987,126.9263022
V02Q1940190,서울특별시 동작구 동작동 102-17,37.49653097,126.9824168
V02Q1940292,서울특별시 동작구 사당동 72-11,37.49084809,126.9819441
V02Q1940834,서울특별시 동작구 사당동 300-8,37.48098219,126.971649
OC3CL200120,서울특별시 동작구 신대방동 602-10,37.49011052,126.9097343
OC3CL200119,서울특별시 동작구 상도동 299-156,37.49460854,126.9327849
OC3CL200118,서울특별시 동작구 사당동 419-24,37.47885234,126.9756084
OC3CL200116,서울특별시 동작구 상도동 279-328,37.49622929,126.9385648
OC3CL200068,서울특별시 동작구 흑석동 211-32,37.50619475,126.9551335
OC3CL200073,서울특별시 동작구 상도동 207-5,37.49928608,126.9440571
V02Q1940613,서울특별시 마포구 포은로 6길 27,37.55596303,126.9065546
V02Q1940635,서울특별시 마포구 망원동 471-39,37.56127599,126.9033309
V02Q1940612,서울특별시 마포구 상암동 6-4,37.57807617,126.8951928
V02Q1940593,서울특별시 마포구 창전동 329-1,37.54694234,126.9302491
V02Q1940605,서울특별시 마포구 서교동 466-2,37.55443,126.9154401
V02Q1940467,서울특별시 마포구 성산동 275-57,37.56348852,126.9091021
V02Q1940426,서울특별시 마포구 성산동 165-34,37.56802912,126.9073195
V02Q1940519,서울특별시 마포구 신수동 347,37.54719218,126.9344074
V02Q1940629,서울특별시 마포구 아현동 727-8,37.55689472,126.9615926
V02Q1940696,서울특별시 마포구 연남동 250-1,37.56471491,126.9222725
V02Q1940650,서울특별시 마포구 염리동 154-30,37.54668774,126.9454005
V02Q1940456,서울특별시 마포구 용강동 381-10,37.54310205,126.9426921
V02Q1940638,서울특별시 마포구 합정동 407,37.5502932,126.9103908
V02Q1940647,서울특별시 마포구 공덕동 23-1,37.54948025,126.958483
V02Q1940661,서울특별시 마포구 대흥동 7-6,37.55231328,126.9466013
V02Q1940700,서울특별시 마포구 도화동 1-452,37.54026182,126.9562101
V02Q1940640,서울특별시 마포구 연남동 369-1,37.5639051,126.9194904
V02Q1940531,서울특별시 마포구 노고산동 31-123,37.55488942,126.9362371
V02Q1940521,서울특별시 마포구 상수동 72-10,37.5487627,126.925523
V02Q1940697,서울특별시 마포구 상암동 895,37.58756924,126.8829428
V02Q1940586,서울특별시 마포구 망원동 460-5,37.55287788,126.9009012
V02Q1940449,서울특별시 마포구 망원동 403-2,37.55579118,126.9059871
V02Q1940711,서울특별시 마포구 서교동 485-23,37.553799,126.9123651
V02Q1940945,서울특별시 마포구 망원동 403-6,37.55524371,126.9069028
V02Q1940581,서울특별시 마포구 망원동 468-16,37.56142506,126.9016199
V02Q1940285,서울특별시 마포구 망원동 386-15,37.55472248,126.9103629
V02Q1940471,서울특별시 마포구 망원동 463-11,37.56108668,126.8988012
V02Q1940451,서울특별시 마포구 성산동 192-19,37.56349354,126.9061479
V02Q1940439,서울특별시 마포구 성산동 630-3,37.55989095,126.9174751
V02Q1940528,서울특별시 마포구 염리동 9-245,37.55530763,126.9470009
V02Q1940728,서울특별시 마포구 염리동 169-12,37.54496287,126.9471
V02Q1940466,서울특별시 마포구 연남동 224-43,37.56339663,126.9270326
V02Q1940542,서울특별시 마포구 마포동 418-2,37.53539263,126.9444368
V02Q1940490,서울특별시 마포구 대흥동 401-1,37.545534,126.9410961
V02Q1940534,서울특별시 마포구 노고산동 1-39,37.55572217,126.9402897
V02Q1940620,서울특별시 마포구 성산동 590-8,37.56519447,126.9035134
V02Q1940643,서울특별시 마포구 합정동 85-9,37.54433165,126.9129634
V02Q1940634,서울특별시 마포구 아현동 612-8,37.55406743,126.9565258
V02Q1940606,서울특별시 마포구 노고산동 33-24,37.55445921,126.9376924
V02Q1940461,서울특별시 마포구 신정동 30-2,37.54354866,126.9300676
V02Q1940610,서울특별시 마포구 망원동 453-1,37.55614009,126.8965844
V02Q1940631,서울특별시 마포구 아현동 676,37.55647074,126.9485265
V02Q1940723,서울특별시 마포구 서교동 359,37.55227897,126.9235272
V02Q1940288,서울특별시 마포구 현석동 106-28,37.54395677,126.9341213
V02Q1940626,서울특별시 마포구 서교동 365-29,37.55065466,126.9211923
V02Q1940653,서울특별시 마포구 노고산동 117-31,37.55310607,126.934626
V02Q1940442,서울특별시 마포구 망원동 416-7,37.55753805,126.9029616
V02Q1940688,서울특별시 마포구 성산동 24-18,37.56552044,126.9148609
V02Q1940722,서울특별시 마포구 서교동 350-1,37.55482867,126.9259661
V02Q1940624,서울특별시 마포구 망원동 408-5,37.55458164,126.9038541
V02Q1940611,서울특별시 마포구 합정동 198-48,37.54552807,126.9147568
V02Q1940684,서울특별시 마포구 용강동 38-3,37.54021108,126.9438638
V02Q1940583,서울특별시 마포구 상수동 347-8,37.54520551,126.9233909
V02Q1940579,서울특별시 마포구 망원동 450-2,37.55962932,126.8976687
V02Q1940497,서울특별시 마포구 도화동 204-14,37.5383121,126.9478368
V02Q1940646,서울특별시 마포구 합정동 406-4,37.54767426,126.9113269
V02Q1940621,서울특별시 마포구 합정동 404,37.54674236,126.9142464
V02Q1940459,서울특별시 마포구 성산동 54-16,37.56451061,126.9116219
V02Q1940535,서울특별시 마포구 신수동 450-3,37.55049329,126.9362759
V02Q1940450,서울특별시 마포구 연남동 361-24,37.56548077,126.9177741
V02Q1940618,서울특별시 마포구 아현동 331-48,37.55713349,126.9544033
V02Q1940576,서울특별시 마포구 상암동 1296-5,37.57717666,126.896669
V02Q1940619,서울특별시 마포구 신공덕동 8-3,37.54618548,126.9561104
V02Q1940609,서울특별시 마포구 서교동 473-15,37.55627539,126.9122386
V02Q1940833,서울특별시 마포구 상암동 499-2,37.57131077,126.8708252
V02Q1940813,서울특별시 마포구 망원동 205-5,37.55461778,126.895956
V02Q1940854,서울특별시 마포구 망원동 403-2,37.5555906,126.905533
V02Q1941006,서울특별시 마포구 포은로6길 10,37.5552571,126.9042671
OC3CL200096,서울특별시 마포구 망원동 403-5,37.55500134,126.9053084
V02Q1940569,서울특별시 서대문구 남가좌동 102-7,37.56942137,126.9167554
V02Q1940520,서울특별시 서대문구 남가좌동 319-23,37.57822552,126.9232322
V02Q1940385,서울특별시 서대문구 북가좌동 408,37.57780973,126.9052856
V02Q1940463,서울특별시 서대문구 북가좌동 357-6,37.57993688,126.9075224
V02Q1940470,서울특별시 서대문구 연희동 142-18,37.57800993,126.9350323
V02Q1940516,서울특별시 서대문구 북아현동 1-1785,37.56506052,126.9543342
V02Q1940412,서울특별시 서대문구 홍은동 11-314,37.6002927,126.945827
V02Q1940363,서울특별시 서대문구 홍은동 277-47,37.58137532,126.9343273
V02Q1940494,서울특별시 서대문구 홍제동 167-29,37.58744695,126.9445206
V02Q1940509,서울특별시 서대문구 홍제동 136-41,37.58674357,126.9473291
V02Q1940514,서울특별시 서대문구 홍제동 8-172,37.59197867,126.9517166
V02Q1940487,서울특별시 서대문구 북아현동 1002,37.55886948,126.9590045
V02Q1940422,서울특별시 서대문구 대신동 125-26,37.56757695,126.9464658
V02Q1940551,서울특별시 서대문구 천연동 80-41,37.56877486,126.9608834
V02Q1940585,서울특별시 서대문구 대현동 62-13,37.55882313,126.946573
V02Q1940543,서울특별시 서대문구 홍제동 259-4,37.59010207,126.9446623
V02Q1940592,서울특별시 서대문구 영천동 101-4,37.5705585,126.959673
V02Q1940488,서울특별시 서대문구 연희동 산 2-5,37.5821592,126.9394633
V02Q1940138,서울특별시 서대문구 창천동 18-54,37.55763712,126.9392536
OC3CL200146,서울특별시 서대문구 홍제동 44-633,37.57847645,126.9503206
OC3CL200138,서울특별시 서대문구 홍제동 287-261,37.59771864,126.9500063
OC3CL200147,서울특별시 서대문구 홍제동 266-271,37.59224961,126.9451617
OC3CL200148,서울특별시 서대문구 홍은동 275-36,37.57949301,126.9341688
OC3CL200031,서울특별시 서대문구 홍제동 286-27,37.59822113,126.9490369
OC3CL200149,서울특별시 서대문구 북가좌동 352-1,37.58357273,126.910461
OC3CL200150,서울특별시 서대문구 북가좌동 408-1,37.5771163,126.9036178
OC3CL200228,서울특별시 서대문구 홍제동 294-46,37.59116011,126.9430063
OC3CL200214,서울특별시 서대문구 홍제동 40-63,37.58068232,126.9536823
OC3CL200215,서울특별시 서대문구 홍제동 294-84,37.59082129,126.9409275
OC3CL200086,서울특별시 서대문구 홍은동 산26-155,37.58116901,126.9321883
OC3CL200229,서울특별시 서대문구 현저동 101,37.57294405,126.9555847
V02Q1940067,서울특별시 서초구 내곡동 122,37.4543351,127.0618843
V02Q1940268,서울특별시 서초구 반포동 2-12,37.50661107,126.9924396
V02Q1940274,서울특별시 서초구 반포동 21,37.50540849,127.0135006
V02Q1940282,서울특별시 서초구 잠원동 71-22,37.5124908,127.0058762
V02Q1940141,서울특별시 서초구 반포동 550-35,37.49760629,127.0013841
V02Q1940148,서울특별시 서초구 반포동 1117,37.4999898,126.987037
V02Q1940368,서울특별시 서초구 양재동 23,37.48326071,127.0349794
V02Q1940380,서울특별시 서초구 양재동 310-6,37.47160463,127.0409436
V02Q1940518,서울특별시 서초구 잠원동 58-27,37.51508377,127.0138565
V02Q1940144,서울특별시 서초구 방배동 921-30,37.48255634,126.9946044
V02Q1940310,서울특별시 서초구 방배동 462-13,37.47984859,126.9854018
V02Q1940249,서울특별시 서초구 방배동 988-1,37.48095824,127.0003298
V02Q1940068,서울특별시 서초구 방배동 838-1,37.4913371,126.9923309
V02Q1940308,서울특별시 서초구 방배동 775-2,37.49412567,126.9868537
V02Q1940400,서울특별시 서초구 서초동 1628-66,37.48927413,127.0178868
V02Q1940402,서울특별시 서초구 서초동 1380,37.49130895,127.0268046
V02Q1940399,서울특별시 서초구 서초동 1740-10,37.49139149,127.0127403
V02Q1940427,서울특별시 서초구 서초동 1685-9,37.49974349,127.0168013
V02Q1940158,서울특별시 서초구 반포동 755,37.50280638,126.9904971
V02Q1940398,서울특별시 서초구 양재동 203,37.46737119,127.0347894
V02Q1940348,서울특별시 서초구 우면동 476-13,37.46022502,127.0172225
V02Q1940396,서울특별시 서초구 서초동 1506-39,37.48874836,127.0067934
V02Q1940433,서울특별시 서초구 서초동 1740-19,37.49145971,127.0101664
V02Q1940201,서울특별시 서초구 서초동 1451-34,37.4832649,127.0130872
V02Q1940816,서울특별시 서초구 반포동 649-1,37.51241208,126.9986828
V02Q1940955,서울특별시 서초구 반포동 4-15,37.50458059,126.9945012
OC3CL200085,서울특별시 서초구 반포1동 30-8,37.50205663,127.0154344
OC3CL200078,서울특별시 서초구 서초4동 1318-9,37.49793848,127.0268137
OC3CL200077,서울특별시 서초구 반포3동 75-21,37.50623299,127.0042288
OC3CL200079,서울특별시 서초구 방배4동 3001-2,37.48573247,126.9833962
OC3CL200076,서울특별시 서초구 서초3동 1579-9,37.48827084,127.0139087
OC3CL200075,서울특별시 서초구 서초4동 1306-1,37.50061909,127.0260189
OC3CL200054,서울특별시 서초구 양재동 14-6,37.48244974,127.0373399
OC3CL200162,서울특별시 서초구 방배동 1027-6,37.47467186,127.0004762
OC3CL200055,서울특별시 서초구 반포동 128-11,37.50089183,127.0008701
OC3CL200056,서울특별시 서초구 방배2동 산190-2,37.46248315,126.9883535
OC3CL200163,서울특별시 서초구 양재동 221-9,37.46072485,127.035673
V02Q1940473,서울특별시 성동구 금호동1가 1813,37.55680966,127.0199202
V02Q1940636,서울특별시 성동구 금호동2가 1216,37.55227266,127.0230202
V02Q1940526,서울특별시 성동구 금호동4가 800,37.54698492,127.0215794
V02Q1940156,서울특별시 성동구 마장동 780,37.56667486,127.0455215
V02Q1940590,서울특별시 성동구 사근동 190-2,37.56072357,127.0484251
V02Q1940502,서울특별시 성동구 성수동1가 33-3,37.54081481,127.049564
V02Q1940545,서울특별시 성동구 성수동1가 668-11,37.5463061,127.0436415
V02Q1940556,서울특별시 성동구 성수동2가 333-13,37.54024156,127.0546753
V02Q1940594,서울특별시 성동구 성수동2가 299-33,37.54923179,127.0538775
V02Q1940503,서울특별시 성동구 송정동 72-104,37.55401067,127.0688982
V02Q1940617,서울특별시 성동구 옥수동 362-1,37.5419721,127.0163706
V02Q1940616,서울특별시 성동구 하왕십리동 978-2,37.56044317,127.0308353
V02Q1940563,서울특별시 성동구 도선동 418,37.56412983,127.0314397
V02Q1940603,서울특별시 성동구 용답동 183-1,37.56336834,127.0559644
V02Q1940639,서울특별시 성동구 응봉동 193-111,37.54960389,127.0329741
V02Q1940644,서울특별시 성동구 행당동 287-30,37.56119718,127.034603
V02Q1940504,서울특별시 성동구 행당동 347,37.55905889,127.0289608
V02Q1940607,서울특별시 성동구 행당동 150-2,37.55887111,127.0385527
V02Q1940628,서울특별시 성동구 마장동 765-1,37.56835683,127.0405289
V02Q1940642,서울특별시 성동구 용답동 239-3,37.56021552,127.0643391
V02Q1940670,서울특별시 성동구 성수동1가 34-17,37.53927918,127.0498732
V02Q1940454,서울특별시 성동구 용답동 239-1,37.56101387,127.0590525
V02Q1940582,서울특별시 성동구 응봉동 193-165,37.54889736,127.0309606
V02Q1940828,서울특별시 성동구 행당동 1-105,37.56133205,127.0396888
V02Q1940261,서울특별시 성동구 성수동1가 13-219,37.54980884,127.0497702
V02Q1940735,서울특별시 성동구 마장동 479-33,37.56840651,127.0336607
V02Q1940112,서울특별시 성동구 송정동 92-29,37.55650451,127.0711935
V02Q1940491,서울특별시 성동구 용답동 103-9,37.568251,127.048139
V02Q1940623,서울특별시 성동구 마장동 831,37.56371986,127.039493
V02Q1940587,서울특별시 성동구 성수동2가 279,37.54667133,127.0621397
V02Q1940739,서울특별시 성동구 금호동3가 1266,37.54976209,127.0196088
V02Q1940870,서울특별시 성동구 성수동1가 160-1,37.53810274,127.0468807
V02Q1940588,서울특별시 성동구 사근동 126-104,37.55818867,127.0508266
V02Q1940601,서울특별시 성동구 사근동 182-17,37.56026457,127.0480146
V02Q1940441,서울특별시 성동구 행당동 134-9,37.55837233,127.0376945
V02Q1940738,서울특별시 성동구 금호동3가 700,37.55137214,127.0215542
V02Q1940460,서울특별시 성동구 성수동1가 685-185,37.54888424,127.0425475
V02Q1940367,서울특별시 성동구 금호동2가 223-1,37.55439478,127.0200998
V02Q1940758,서울특별시 성동구 행당동 299-18,37.56011949,127.0316064
V02Q1940270,서울특별시 성동구 성수동1가 8-5,37.54728698,127.0467402
V02Q1940842,서울특별시 성동구 응봉동 15,37.55214248,127.0355848
V02Q1940258,서울특별시 성동구 하왕십리동 990-1,37.562998,127.0284354
V02Q1940871,서울특별시 성동구 마장동 450-65,37.57114665,127.037106
V02Q1940868,서울특별시 성동구 용답동 28-7,37.56051284,127.0528535
V02Q1940627,서울특별시 성동구 송정동 73-879,37.55181934,127.0673796
V02Q1940753,서울특별시 성동구 금호동1가 1500-3,37.54936466,127.0266557
V02Q1940866,서울특별시 성동구 행당동 317-18,37.5580386,127.0296494
V02Q1940575,서울특별시 성동구 행당동 375-13,37.55582287,127.0323182
V02Q1940263,서울특별시 성동구 용답동 239-3,37.56087438,127.0627473
V02Q1940733,서울특별시 성동구 성수동2가 834,37.54818971,127.0565978
V02Q1940496,서울특별시 성동구 성수동2가 255-2,37.53877565,127.0597607
V02Q1940744,서울특별시 성동구 성수동2가 314-20,37.54475143,127.0531118
V02Q1940511,서울특별시 성동구 응봉동 265-318,37.55265508,127.0290322
V02Q1940632,서울특별시 성동구 홍익동 594,37.56496432,127.0344748
V02Q1940580,서울특별시 성동구 용답동 125-1,37.56672984,127.0510584
V02Q1940761,서울특별시 성동구 마장동 산 23-2,37.56405244,127.0444844
V02Q1940565,서울특별시 성동구 성수동2가 333-140,37.54195012,127.0536124
V02Q1940501,서울특별시 성동구 응봉동 228-16,37.55200342,127.0363244
V02Q1940709,서울특별시 성동구 마장동 766-51,37.56944521,127.0446016
V02Q1940286,서울특별시 성동구 하왕십리동 1052-1,37.56216619,127.0266823
V02Q1940530,서울특별시 성동구 성수동1가 656-130,37.54214419,127.0477518
V02Q1940743,서울특별시 성동구 성수동2가 574-9,37.53641965,127.056427
V02Q1940748,서울특별시 성동구 성수동1가 694-3,37.53736986,127.0508722
V02Q1940786,서울특별시 성동구 성수동1가 27-23,37.54210154,127.0496713
V02Q1941015,서울특별시 성동구 뚝섬로3길 18,37.5420391,127.0496855
OC3CL200164,서울특별시 성동구 용답동 236-4,37.56058905,127.0697265
OC3CL200216,서울특별시 성동구 송정동 67-29,37.54884166,127.0604063
OC3CL200217,서울특별시 성동구 송정동 66-32,37.54889612,127.0629361
OC3CL200218,서울특별시 성동구 행당동 6-2,37.56005301,127.0410724
OC3CL200032,서울특별시 성동구 성수동1가 685-700,37.54529625,127.0435571
OC3CL200018,서울특별시 성동구 성수동1가 685-285,37.54688198,127.0416428
OC3CL200227,서울특별시 성동구 행당동 1-27,37.56124567,127.0394969
V02Q1940131,서울특별시 성북구 동선동3가 89,37.59448521,127.0211958
V02Q1940283,서울특별시 성북구 보문동7가 104-1,37.58060195,127.0230302
V02Q1940284,서울특별시 성북구 삼선동4가 300-1,37.58968413,127.0129202
V02Q1940276,서울특별시 성북구 안암동3가 132-15,37.58553822,127.0235089
V02Q1940206,서울특별시 성북구 하월곡동 81-15,37.609442,127.0341014
V02Q1940143,서울특별시 성북구 상월곡동 24-150,37.60585332,127.0497384
V02Q1940379,서울특별시 성북구 장위동 283-16,37.61420241,127.0436659
V02Q1940064,서울특별시 성북구 장위동 45-4,37.61107942,127.0555166
V02Q1940087,서울특별시 성북구 장위동 16-85,37.61570454,127.0588487
V02Q1940381,서울특별시 성북구 정릉동 16-7,37.60160929,127.016721
V02Q1940388,서울특별시 성북구 정릉동 435,37.6040284,127.009922
V02Q1940406,서울특별시 성북구 정릉동 692-22,37.60939292,127.004355
V02Q1940401,서울특별시 성북구 정릉동 290-8,37.61320381,127.0074603
V02Q1940322,서울특별시 성북구 종암동 3-89,37.59917241,127.0360274
V02Q1940147,서울특별시 성북구 석관동 384-8,37.61308658,127.0617154
V02Q1940351,서울특별시 성북구 성북동1가 120-1,37.59105394,127.0030069
V02Q1940418,서울특별시 성북구 길음동 1280-5,37.60987793,127.0175342
V02Q1940344,서울특별시 성북구 길음동 918-8,37.60580033,127.0255563
V02Q1940328,서울특별시 성북구 돈암동 2-81,37.6033482,127.0293756
V02Q1940415,서울특별시 성북구 하월곡동 219,37.60394387,127.0357469
V02Q1940362,서울특별시 성북구 길음동 1276,37.60337797,127.0241721
V02Q1940335,서울특별시 성북구 하월곡동 73-96,37.60774203,127.0413403
V02Q1940419,서울특별시 성북구 돈암동 632-9,37.59570201,127.0241817
V02Q1940879,서울특별시 성북구 길음동 1064-1,37.60666796,127.0273181
OC3CL200198,서울특별시 성북구 하월곡동 29-133,37.60363281,127.0398362
OC3CL200199,서울특별시 성북구 종암동 10-236,37.59544076,127.036678
OC3CL200200,서울특별시 성북구 정릉동 716-39,37.61101097,127.0049249
V02Q1940742,서울특별시 송파구 석촌동 328-3,37.50104027,127.1097395
V02Q1940784,서울특별시 송파구 가락동 155-7,37.49824776,127.1262966
V02Q1940679,서울특별시 송파구 가락동 77-7,37.49521273,127.1214388
V02Q1940734,서울특별시 송파구 신천동 7,37.5183379,127.1004663
V02Q1940793,서울특별시 송파구 거여동 36-15,37.49345737,127.146171
V02Q1940513,서울특별시 송파구 마천동 211-73,37.49417976,127.1549914
V02Q1940791,서울특별시 송파구 마천동 128-50,37.49638178,127.1490194
V02Q1940845,서울특별시 송파구 문정동 28-9,37.48976406,127.1242858
V02Q1940717,서울특별시 송파구 문정동 112-17,37.48539023,127.1321718
V02Q1940764,서울특별시 송파구 방이동 89-1,37.51530106,127.1340732
V02Q1940790,서울특별시 송파구 방이동 53,37.51427828,127.112259
V02Q1940767,서울특별시 송파구 삼전동 86-1,37.50260385,127.0923109
V02Q1940772,서울특별시 송파구 석촌동 265,37.50363119,127.1035033
V02Q1940775,서울특별시 송파구 송파동 2-3,37.50580146,127.1096638
V02Q1940706,서울특별시 송파구 송파동 172,37.50204913,127.1171108
V02Q1940847,서울특별시 송파구 문정동 150-12,37.48968349,127.1119082
V02Q1940708,서울특별시 송파구 잠실동 22,37.51430062,127.0914778
V02Q1940787,서울특별시 송파구 잠실동 27,37.51295504,127.0946619
V02Q1940800,서울특별시 송파구 신천동 20,37.51999286,127.1122492
V02Q1940788,서울특별시 송파구 잠실동 156,37.50954786,127.0741524
V02Q1940781,서울특별시 송파구 잠실동 282,37.50615368,127.0847562
V02Q1940736,서울특별시 송파구 오금동 47-11,37.50419493,127.1281877
V02Q1940825,서울특별시 송파구 풍납동 바람드리길52,37.53825651,127.1219514
V02Q1940768,서울특별시 송파구 장지동 899-1,37.47825069,127.1392446
V02Q1940832,서울특별시 송파구 방이동 193-14,37.51176831,127.1242095
V02Q1940873,서울특별시 송파구 풍납동 281-3,37.53247211,127.1143011
V02Q1940745,서울특별시 송파구 거여동 362-1,37.49410576,127.1414902
V02Q1940714,서울특별시 송파구 신천동 32,37.51334541,127.1068182
V02Q1940713,서울특별시 송파구 방이동 96-1,37.51618536,127.1145406
V02Q1940941,서울특별시 송파구 잠실동 205-17,37.50908813,127.0840569
V02Q1940117,서울특별시 송파구 잠실동 284,37.50853713,127.0871417
V02Q1940811,서울특별시 송파구 풍납동 455,37.52727312,127.1162491
V02Q1940821,서울특별시 송파구 석촌동 324-1,37.50283277,127.1086949
V02Q1940819,서울특별시 송파구 석촌동 184-4,37.50734426,127.1046886
V02Q1940820,서울특별시 송파구 신천동 32,37.51105423,127.1022618
V02Q1940838,서울특별시 송파구 잠실동 1168-9,37.51841537,127.0680591
V02Q1940887,서울특별시 송파구 삼전동 62,37.50274913,127.0925242
OC3CL200033,서울특별시 송파구 신천동 32,37.51214275,127.1043154
OC3CL200207,서울특별시 송파구 가락동 128-8,37.49495788,127.1241947
OC3CL200208,서울특별시 송파구 장지동 861,37.47981602,127.1353152
OC3CL200165,서울특별시 송파구 문정동 73-10,37.4803649,127.1256449
V02Q1940865,서울특별시 양천구 목동 525-2,37.54645142,126.872103
V02Q1940867,서울특별시 양천구 목동 621-19,37.54502804,126.8646607
V02Q1940095,서울특별시 양천구 목동 868,37.53291626,126.8683909
V02Q1940869,서울특별시 양천구 신월동 852,37.52535041,126.837774
V02Q1940814,서울특별시 양천구 신정동 1142,37.51938461,126.8546681
V02Q1940863,서울특별시 양천구 신정동 294-18,37.51887605,126.8710894
V02Q1940804,서울특별시 양천구 신정동 1266-2,37.51386369,126.852967
V02Q1940312,서울특별시 양천구 신정동 957-16,37.52282125,126.8584353
V02Q1940364,서울특별시 양천구 신정동 323-1,37.5166462,126.8628645
V02Q1940240,서울특별시 양천구 신월동 136-8,37.53206064,126.8317217
V02Q1940413,서울특별시 양천구 신월동 883,37.5246553,126.8444487
V02Q1940472,서울특별시 양천구 신월동 628,37.51450508,126.8414257
V02Q1940750,서울특별시 양천구 신월동 976-1,37.52197114,126.8359083
V02Q1940864,서울특별시 양천구 목동 916-2,37.52576762,126.8753744
V02Q1940861,서울특별시 양천구 신정동 842-1,37.50908951,126.8668465
V02Q1940071,서울특별시 양천구 신월동 43-4,37.53623879,126.8242707
V02Q1940395,서울특별시 양천구 신월동 275,37.5389107,126.829309
V02Q1940424,서울특별시 양천구 신정동 325-6,37.5101986,126.8589874
V02Q1940826,서울특별시 양천구 신정동 137-2,37.52038424,126.878025
V02Q1940732,서울특별시 양천구 신월동 823,37.52665506,126.8369618
V02Q1940809,서울특별시 양천구 목동 131-30,37.54364297,126.8813523
V02Q1940492,서울특별시 양천구 신정동 1062,37.52818658,126.8601068
V02Q1940946,서울특별시 양천구 신월동 796,37.534444,126.8347904
V02Q1940942,서울특별시 양천구 신월동 805,37.53246263,126.8330763
V02Q1940951,서울특별시 양천구 신월동 802,37.53124609,126.8361285
V02Q1940943,서울특별시 양천구 목동 616-15,37.54850717,126.8646481
V02Q1940455,서울특별시 양천구 목동 929,37.54277585,126.881433
V02Q1940480,서울특별시 양천구 목동 901-8,37.53971711,126.8816875
V02Q1940443,서울특별시 양천구 신정동 89-82,37.52068417,126.8738043
V02Q1940762,서울특별시 양천구 목동 823,37.54024511,126.8644211
V02Q1940766,서울특별시 양천구 목동 655-4,37.54565284,126.8631017
V02Q1940792,서울특별시 양천구 목동 724-1,37.53842273,126.86453
V02Q1940614,서울특별시 양천구 목동 843,37.53754208,126.8717674
V02Q1940259,서울특별시 양천구 목동 813,37.5339278,126.8637928
V02Q1940741,서울특별시 양천구 목동 907-21,37.53575061,126.8785737
V02Q1940759,서울특별시 양천구 목동 909-9,37.53664596,126.8830174
V02Q1940776,서울특별시 양천구 목동 902,37.5396843,126.8750264
V02Q1940771,서울특별시 양천구 목동 912,37.53513426,126.8835081
V02Q1940489,서울특별시 양천구 목동 879,37.53077062,126.8645921
V02Q1940774,서울특별시 양천구 목동 901,37.53851648,126.878244
V02Q1940849,서울특별시 양천구 신월동 92-17,37.53555966,126.8328365
V02Q1940749,서울특별시 양천구 신월동 1047,37.52524025,126.8422566
V02Q1940705,서울특별시 양천구 신월동 505-21,37.52307169,126.848613
V02Q1940740,서울특별시 양천구 신월동 867,37.52706161,126.8480605
V02Q1940287,서울특별시 양천구 신월동 197-35,37.53139333,126.8300752
V02Q1940754,서울특별시 양천구 신월동 642,37.52165976,126.8426812
V02Q1940760,서울특별시 양천구 신월동 1029,37.51760243,126.8469207
V02Q1940447,서울특별시 양천구 신월동 910-2,37.52427347,126.8314064
V02Q1940464,서울특별시 양천구 신월동 977,37.52032974,126.835739
V02Q1940469,서울특별시 양천구 신정동 729,37.51062672,126.8433947
V02Q1940835,서울특별시 양천구 신정동 1019-19,37.52115715,126.86114
V02Q1940773,서울특별시 양천구 신정동 881-8,37.52856046,126.8591755
V02Q1940801,서울특별시 양천구 신정동 331-2,37.51402198,126.8740014
V02Q1940765,서울특별시 양천구 신정동 163-55,37.51073166,126.8705354
V02Q1940876,서울특별시 양천구 목동 946-1,37.54305082,126.8690922
V02Q1940769,서울특별시 양천구 신정동 874-4,37.52786532,126.8557268
V02Q1940707,서울특별시 양천구 신정동 324-10,37.51549527,126.8608799
V02Q1940794,서울특별시 양천구 목동 627-15,37.54573201,126.8677706
V02Q1940715,서울특별시 양천구 신정동 1284-1,37.51259339,126.8376519
V02Q1940778,서울특별시 양천구 목동 404-21,37.52259074,126.8755481
V02Q1940729,서울특별시 양천구 신정동 1319-1,37.51306228,126.8320835
V02Q1940659,서울특별시 양천구 신월동 52-9,37.53774885,126.8278791
V02Q1940803,서울특별시 양천구 목동 458-4,37.52303768,126.8722936
V02Q1940795,서울특별시 양천구 신월동 842,37.5240969,126.8372588
V02Q1940874,서울특별시 양천구 신정동 1208-1,37.51933652,126.8500062
V02Q1940805,서울특별시 양천구 신정동 1280-1,37.51324732,126.8349248
V02Q1940481,서울특별시 양천구 신정동 1099,37.52408281,126.8546531
V02Q1940806,서울특별시 양천구 목동 956,37.54803199,126.8667974
V02Q1940855,서울특별시 양천구 신정동 949-5,37.52455321,126.8557892
V02Q1941013,서울특별시 양천구 오목로34길 5,37.5245308,126.855007
OC3CL200064,서울특별시 양천구 목동 554,37.54440989,126.8704137
OC3CL200115,서울특별시 양천구 목동 543-15,37.5436034,126.8738447
OC3CL200113,서울특별시 양천구 신정동 1277,37.51133256,126.8520614
OC3CL200112,서울특별시 양천구 신정동 190-5,37.50589814,126.8642202
OC3CL200111,서울특별시 양천구 신월동 957-13,37.52014221,126.8316555
OC3CL200109,서울특별시 양천구 신월동 9-2,37.5421903,126.8290816
OC3CL200034,서울특별시 양천구 신정동 994-1,37.52591806,126.8635581
OC3CL200166,서울특별시 양천구 신정동 328-5,37.5132245,126.867697
OC3CL200058,서울특별시 양천구 목동 911-4,37.53245995,126.8857541
OC3CL200059,서울특별시 양천구 신월동 42-1,37.53911722,126.8240324
OC3CL200139,서울특별시 양천구 신정동 330-8,37.51418744,126.8767166
OC3CL200151,서울특별시 양천구 신정동 산 102,37.50999269,126.8546924
V02Q1940171,서울특별시 영등포구 당산동3가 566,37.52413002,126.8986049
V02Q1940127,서울특별시 영등포구 당산동6가 337-1,37.53620112,126.9012217
V02Q1940169,서울특별시 영등포구 대림동 904-2,37.4965129,126.906686
V02Q1940077,서울특별시 영등포구 대림동 1059-49,37.49095208,126.8965606
V02Q1940121,서울특별시 영등포구 대림동 738-14,37.49694974,126.8977171
V02Q1940185,서울특별시 영등포구 도림동 222-9,37.50965994,126.8961724
V02Q1940168,서울특별시 영등포구 문래동3가 55-20,37.51493903,126.8969879
V02Q1940196,서울특별시 영등포구 신길동 89-152,37.50989238,126.9205341
V02Q1940197,서울특별시 영등포구 신길동 268-35,37.50705874,126.9070917
V02Q1940186,서울특별시 영등포구 신길동 223-66,37.50914671,126.9109582
V02Q1940188,서울특별시 영등포구 신길동 341-1,37.50213873,126.9051679
V02Q1940198,서울특별시 영등포구 신길동 2798,37.50001275,126.9108075
V02Q1940176,서울특별시 영등포구 신길동 1200,37.50618001,126.9214383
V02Q1940174,서울특별시 영등포구 양평동1가 251-1,37.52416526,126.8870815
V02Q1940133,서울특별시 영등포구 양평동4가 93-1,37.53685591,126.8948496
V02Q1940199,서울특별시 영등포구 영등포동2가 222-1,37.52030939,126.9104414
V02Q1940184,서울특별시 영등포구 영등포동 646-18,37.51419781,126.909457
V02Q1940074,서울특별시 영등포구 당산동1가 16-1,37.52031382,126.8969952
V02Q1940221,서울특별시 영등포구 영등포동3가 4-7,37.51891213,126.9077054
V02Q1940244,서울특별시 영등포구 양평동3가 91,37.53272746,126.8933322
V02Q1940217,서울특별시 영등포구 여의대방로 300,37.51352713,126.9259171
V02Q1940256,서울특별시 영등포구 양평동6가 98-1,37.54368812,126.8877377
V02Q1940219,서울특별시 영등포구 문래동1가 39-1,37.51165157,126.8957295
V02Q1940251,서울특별시 영등포구 양평동2가 12-1,37.52266609,126.8829153
V02Q1940170,서울특별시 영등포구 당산동1가 32,37.52173841,126.8966833
V02Q1940222,서울특별시 영등포구 영등포동3가 1-7,37.51828647,126.9105648
V02Q1940878,서울특별시 영등포구 여의도동 85,37.52441417,126.9370134
V02Q1940836,서울특별시 영등포구 여의도동 19-1,37.52600465,126.9133532
V02Q1940829,서울특별시 영등포구 당산동 95-1,37.53727135,126.9043173
V02Q1940850,서울특별시 영등포구 당산동3가 250,37.52497813,126.8974438
OC3CL200167,서울특별시 영등포구 양평동1가 165,37.52259054,126.8888651
OC3CL200174,서울특별시 영등포구 대림동 990-1,37.48897429,126.906033
V02Q1940571,서울특별시 용산구 후암동 167-2,37.54650411,126.9752365
V02Q1940523,서울특별시 용산구 보광동 216-67,37.52568799,126.9992422
V02Q1940726,서울특별시 용산구 도원동 7-2,37.53901229,126.957917
V02Q1940651,서울특별시 용산구 용산동2가 1-1723,37.54623974,126.9847901
V02Q1940574,서울특별시 용산구 원효로2가 3-5,37.53718194,126.9656951
V02Q1940595,서울특별시 용산구 산천동 82-1,37.53439873,126.95138
V02Q1940572,서울특별시 용산구 이촌동 301-234,37.52111797,126.9717905
V02Q1940600,서울특별시 용산구 이촌동 171-1,37.52444602,126.9568426
V02Q1940648,서울특별시 용산구 이태원동 15-24,37.53229458,126.9959865
V02Q1940686,서울특별시 용산구 이태원동 260-118,37.54135461,126.9911155
V02Q1940637,서울특별시 용산구 한강로3가 63-389,37.52544703,126.9688458
V02Q1940698,서울특별시 용산구 한남동 684-85,37.53462672,127.0007359
V02Q1940525,서울특별시 용산구 효창동 5-713,37.54226566,126.9607602
V02Q1940584,서울특별시 용산구 후암동 56-38,37.54995512,126.9780201
V02Q1940577,서울특별시 용산구 서빙고동 1-3,37.52364288,126.993654
V02Q1940524,서울특별시 용산구 서계동 222-11,37.55435463,126.9681312
V02Q1940731,서울특별시 용산구 용산동6가 69-172,37.51797343,126.9853257
V02Q1940559,서울특별시 용산구 이태원동 34-66,37.53293663,126.9912199
V02Q1940668,서울특별시 용산구 이촌동 301-187,37.51901553,126.9805696
V02Q1940664,서울특별시 용산구 이촌동 307-1,37.52035316,126.9770152
V02Q1940578,서울특별시 용산구 보광동 68,37.52637263,127.0028846
V02Q1940830,서울특별시 용산구 이촌동 376,37.52148869,126.9594472
V02Q1940856,서울특별시 용산구 한남동 726-366,37.5403991,127.0047736
OC3CL200019,서울특별시 용산구 이태원동 239-4,37.54026442,126.9937934
V02Q1940343,서울특별시 은평구 갈현동 451-15,37.6187081,126.9165915
V02Q1940336,서울특별시 은평구 구산동 152-3,37.61179964,126.909853
V02Q1940317,서울특별시 은평구 녹번동 76-40,37.60263144,126.930629
V02Q1940326,서울특별시 은평구 대조동 207-9,37.61408672,126.919837
V02Q1940208,서울특별시 은평구 불광동 281-113,37.61059826,126.9313528
V02Q1940333,서울특별시 은평구 불광동 73-11,37.6260814,126.9277105
V02Q1940332,서울특별시 은평구 신사동 4-16,37.59765044,126.9120209
V02Q1940341,서울특별시 은평구 역촌동 62-28,37.60413569,126.9147653
V02Q1940377,서울특별시 은평구 응암동 227-106,37.59483691,126.9245487
V02Q1940373,서울특별시 은평구 응암동 604-5,37.58993857,126.9172919
V02Q1940347,서울특별시 은평구 증산동 231,37.58442752,126.9052244
V02Q1940358,서울특별시 은평구 진관동 68-37,37.63898356,126.9188614
V02Q1940435,서울특별시 은평구 수색동 411-9,37.58351322,126.8942569
V02Q1940476,서울특별시 은평구 신사동 192-1,37.59234803,126.9065632
V02Q1940337,서울특별시 은평구 응암동 116-29,37.59890825,126.9203089
V02Q1940139,서울특별시 은평구 진관동 13-3,37.64376606,126.9245654
V02Q1940485,서울특별시 은평구 응암동 91-15,37.59923312,126.9163873
V02Q1940370,서울특별시 은평구 불광동 219-1,37.61961313,126.9321312
V02Q1940475,서울특별시 은평구 구산동 355-68,37.61398913,126.9065555
OC3CL200152,서울특별시 은평구 응암동 122-32,37.59563579,126.9156191
OC3CL200069,서울특별시 은평구 불광동 195,37.62220907,126.9302785
OC3CL200035,서울특별시 은평구 갈현동 465-3,37.6113036,126.917502
OC3CL200036,서울특별시 은평구 녹번동 153-46,37.60514575,126.9235772
OC3CL200209,서울특별시 은평구 진관동 108-9,37.63440727,126.9152589
OC3CL200168,서울특별시 은평구 응암동 87-7,37.60039676,126.922413
OC3CL200204,서울특별시 은평구 구산동 202-1,37.61414691,126.9101602
V02Q1940655,서울특별시 종로구 가회동 210,37.58005084,126.9851462
V02Q1940539,서울특별시 종로구 이화동 82-4,37.57692043,127.0045137
V02Q1940737,서울특별시 종로구 평창동 235-1,37.60542622,126.9674449
V02Q1940721,서울특별시 종로구 혜화동 108-1,37.58608068,127.0008483
V02Q1940522,서울특별시 종로구 창신동 23-313,37.57707481,127.0123665
V02Q1940499,서울특별시 종로구 내자동 169,37.57496003,126.9702723
V02Q1940695,서울특별시 종로구 행촌동 180-10,37.57191655,126.9619818
V02Q1940716,서울특별시 종로구 무악동 60-2,37.57595297,126.9581816
V02Q1940649,서울특별시 종로구 사직동 1-28,37.57616826,126.9688622
V02Q1940232,서울특별시 종로구 삼청동 105-1,37.58503293,126.9818759
V02Q1940710,서울특별시 종로구 숭인동 55-2 숭인1동 주민센터 옥상,37.57784312,127.0156288
V02Q1940796,서울특별시 종로구 숭인동 178-167,37.57484815,127.0199828
V02Q1940719,서울특별시 종로구 익선동 99,37.57446434,126.9902439
V02Q1940841,서울특별시 종로구 효제동 173-2,37.57203734,127.0050414
V02Q1940818,서울특별시 종로구 창신동 401-3,37.57074131,127.0163741
V02Q1940720,서울특별시 종로구 창신동 583-3,37.57443226,127.0108889
V02Q1940837,서울특별시 종로구 궁정동 12-1,37.58414084,126.9705631
V02Q1940859,서울특별시 종로구 부암동 265-21,37.59243151,126.9640906
V02Q1940857,서울특별시 종로구 삼청동 산 2-2,37.58801836,126.9838569
V02Q1940843,서울특별시 종로구 재동 54-1,37.57893651,126.9859126
V02Q1940822,서울특별시 종로구 무악동 69-3,37.57542384,126.9577806
V02Q1940797,서울특별시 종로구 부암동 141-1,37.59737666,126.9634322
V02Q1940883,서울특별시 종로구 사직동 262-197,37.57646196,126.9655363
V02Q1940886,서울특별시 종로구 삼청동 35-112,37.58243882,126.9821042
V02Q1940807,서울특별시 종로구 숭인동 211-16,37.57311562,127.020059
V02Q1940848,서울특별시 종로구 이화동 9-264,37.57769818,127.006748
V02Q1940687,서울특별시 종로구 동숭동 129-77,37.58117314,127.0057341
V02Q1940827,서울특별시 종로구 동숭동 6-31,37.58325045,127.005815
V02Q1940839,서울특별시 종로구 돈의동 162,37.57121882,126.9906086
V02Q1940718,서울특별시 종로구 충신동 189-2,37.57389927,127.0046582
V02Q1940810,서울특별시 종로구 창신동 197-17,37.57367794,127.0132041
V02Q1940875,서울특별시 종로구 창신동 619-2,37.57852949,127.009068
V02Q1940844,서울특별시 종로구 창신동 산 6-25,37.57894032,127.0144864
V02Q1940802,서울특별시 종로구 평창동 232,37.60528332,126.9667378
V02Q1940877,서울특별시 종로구 구기동 110-30,37.60787019,126.9563725
V02Q1940817,서울특별시 종로구 명륜3가 53-2,37.5844799,126.9969232
V02Q1940840,서울특별시 종로구 명륜4가 206-8,37.58188025,126.9981525
V02Q1940808,서울특별시 종로구 신문로2가 6-3,37.56874524,126.9687649
OC3CL200210,서울특별시 종로구 서린동 151-4,37.56938249,126.9784821
OC3CL200211,서울특별시 종로구 서린동 42-8,37.56921374,126.9821286
OC3CL200194,서울특별시 종로구 신문로1가 135-2,37.56997647,126.9755166
OC3CL200201,서울특별시 종로구 종로5가 231-1,37.57086928,127.0048453
OC3CL200219,서울특별시 종로구 창신동 357,37.5722213,127.0135165
OC3CL200220,서울특별시 종로구 연건동 128-9,37.57698177,127.0024889
OC3CL200037,서울특별시 종로구 가회동 60,37.58142997,126.9846468
OC3CL200038,서울특별시 종로구 가회동 33-13,37.58233107,126.983559
OC3CL200013,서울특별시 종로구 삼청동 35-63,37.58346942,126.9826224
OC3CL200039,서울특별시 종로구 동숭동 50-135,37.57878614,127.0071882
OC3CL200040,서울특별시 종로구 이화동 9-498,37.5777396,127.0080332
OC3CL200154,서울특별시 종로구 평창동 산6-17,37.60180763,126.98117
OC3CL200153,서울특별시 종로구 신영동 130-8,37.60164926,126.9614109
V02Q1940536,서울특별시 중구 예관동 120-1,37.56356092,126.9972196
V02Q1940570,서울특별시 중구 신당동 432-24,37.55435867,127.0080426
V02Q1940436,서울특별시 중구 회현동1가 204-1,37.56057566,126.9796444
V02Q1940541,서울특별시 중구 태평로2가 69-5,37.56276898,126.9767645
V02Q1940546,서울특별시 중구 신당동 161,37.56444847,127.0221103
V02Q1940568,서울특별시 중구 신당동 304-4,37.56285073,127.0132604
V02Q1940598,서울특별시 중구 청구로 8길 41,37.55172798,127.012144
V02Q1940562,서울특별시 중구 을지로3가 320-34,37.56554217,126.9910351
V02Q1940564,서울특별시 중구 장충동1가 49-9,37.56085957,127.0085631
V02Q1940508,서울특별시 중구 중림동 200,37.55818846,126.9643308
V02Q1940599,서울특별시 중구 신당동 330-342,37.55740456,127.0166075
V02Q1940553,서울특별시 중구 필동2가 20-9,37.56082689,126.996001
V02Q1940540,서울특별시 중구 을지로2가 181,37.56531098,126.9844918
V02Q1940500,서울특별시 중구 신당동 52-7,37.56155266,127.0187487
V02Q1940527,서울특별시 중구 황학동 2473-38,37.56898584,127.0218832
V02Q1940053,서울특별시 중구 소공동 91-1,37.56504075,126.9788859
V02Q1940529,서울특별시 중구 신당동 850-2,37.5594009,127.0204385
V02Q1940596,서울특별시 중구 회현동1가 206,37.55904631,126.9803118
V02Q1940573,서울특별시 중구 을지로6가 16-4,37.56839081,127.0054393
V02Q1940498,서울특별시 중구 필동2가 19-6,37.56078213,126.9955455
V02Q1940604,서울특별시 중구 다동 60-2,37.56783722,126.9809414
V02Q1940597,서울특별시 중구 회현동1가 110-1,37.55619503,126.9811609
V02Q1940554,서울특별시 중구 신당동 377-171,37.55728601,127.0091753
V02Q1940544,서울특별시 중구 장충동2가 173-7,37.56163971,127.001153
V02Q1940302,서울특별시 중구 순화동 207-6,37.5595092,126.9718932
V02Q1940438,서울특별시 중구 순화동 5-2,37.56239638,126.9705198
V02Q1940567,서울특별시 중구 산림동 56-2,37.56805562,126.9965099
V02Q1940602,서울특별시 중구 회현동1가 100-115,37.55462362,126.980559
V02Q1940608,서울특별시 중구 예장동 8-179,37.55668898,126.9859042
V02Q1940780,서울특별시 중구 서소문동 37,37.5646989,126.975981
V02Q1940935,서울특별시 중구 덕수궁길 15 서울시청 서소문별관3동,37.5648,126.975981
OC3CL200126,서울특별시 중구 남대문로4가 29,37.55967397,126.9748398
OC3CL200127,서울특별시 중구 남대문로5가 1-5,37.56027699,126.975354
OC3CL200014,서울특별시 중구 명동1가 53-1,37.56357368,126.9845038
OC3CL200047,서울특별시 중구 충무로2가 65-3,37.56160433,126.985559
OC3CL200041,서울특별시 중구 남대문로2가 123,37.56384606,126.9818665
OC3CL200042,서울특별시 중구 을지로6가 18-185,37.56786992,127.0086311
OC3CL200043,서울특별시 중구 신당동 204-9,37.56772879,127.0126695
OC3CL200044,서울특별시 중구 남창동 31-1,37.56040912,126.978669
OC3CL200212,서울특별시 중구 태평로1가 54-3,37.56604753,126.9773997
V02Q1940277,서울특별시 중랑구 망우동 534-32,37.59114395,127.0942268
V02Q1940248,서울특별시 중랑구 망우동 357-29,37.60115106,127.1007979
V02Q1940250,서울특별시 중랑구 면목동 142-35,37.589051,127.0808924
V02Q1940252,서울특별시 중랑구 면목동 700,37.57581922,127.0861478
V02Q1940191,서울특별시 중랑구 면목동 175-64,37.58540801,127.0790205
V02Q1940195,서울특별시 중랑구 면목동 627-1,37.57867312,127.0863244
V02Q1940225,서울특별시 중랑구 면목동 483-23,37.58597736,127.0883832
V02Q1940218,서울특별시 중랑구 묵동 239-119,37.60984943,127.076301
V02Q1940241,서울특별시 중랑구 상봉동 206-27,37.59998915,127.0870729
V02Q1940243,서울특별시 중랑구 상봉동 120-52,37.59335302,127.0809757
V02Q1940237,서울특별시 중랑구 신내동 801,37.60508772,127.0997189
V02Q1940254,서울특별시 중랑구 신내동 663-2,37.60595357,127.094129
V02Q1940311,서울특별시 중랑구 중화동 54-4,37.60067531,127.0819374
V02Q1940307,서울특별시 중랑구 면목동 53-8,37.58537699,127.0954532
V02Q1940233,서울특별시 중랑구 묵동 121-320,37.61355404,127.0814964
V02Q1940159,서울특별시 중랑구 중화동 326-87,37.59769087,127.0728232
V02Q1940235,서울특별시 중랑구 묵동 392-2,37.61254656,127.0734148
V02Q1940255,서울특별시 중랑구 면목동 593-2,37.59335302,127.0809757
V02Q1940727,서울특별시 중랑구 중화동 65-9,37.60504697,127.0762879
V02Q1940172,서울특별시 중랑구 면목동 산 1-4,37.5740326,127.0893262
V02Q1940231,서울특별시 중랑구 상봉동 130-4,37.59267959,127.0747779
V02Q1940882,서울특별시 중랑구 면목동 62-2,37.58489888,127.0940258
OC3CL200202,서울특별시 중랑구 중화동 209,37.59427032,127.0741118
OC3CL200203,서울특별시 중랑구 망우동 산52,37.60016479,127.1119185
OC3CL200169,서울특별시 중랑구 신내동 256-24,37.62027046,127.1061538
